ward_num,year,flood_count,ward_name,area_km2,sewer_len_km,mean_install_year,mean_diameter,old_sewer_km,pct_old_sewer,pct_small_diam,river_len_km,river_sewer_overlap_km,sewer_density,river_density,sewer_age,weak_sewer_km,river_x_weaksewer,precip_mm,rain_mm,snow_cm,heavy_days,precip_hours,river_x_heavy,weaksewer_x_heavy,riveroverlap_x_heavy
1,2005,180.0,Etobicoke North,48.352264069050925,20.405628211024492,1961.3790425660125,1164.4798715377021,6.567430580128026,0.3218440771443566,0.0731295405732733,0.0,0.0,0.42202011847642984,0.0,60.62095743398754,6.567430580128026,0.0,733.1,548.6,137.34,2,1130.0,0.0,13.134861160256053,0.0
2,2005,183.0,Etobicoke Centre,37.33975371405406,16.937263171496145,1959.7088571496665,1015.0818552976485,9.093376679460915,0.5368858349419893,0.40696475310855784,0.0,0.0,0.4535986846940889,0.0,62.29114285033347,9.093376679460915,0.0,733.1,548.6,137.34,2,1130.0,0.0,18.18675335892183,0.0
3,2005,130.0,Etobicoke-Lakeshore,40.01243087301818,33.780595124299666,1959.0919417937848,1153.171061684548,18.07278302555975,0.5350048736281532,0.427534706278702,0.0,0.0,0.8442525082143693,0.0,62.90805820621517,18.07278302555975,0.0,733.1,548.6,137.34,2,1130.0,0.0,36.1455660511195,0.0
4,2005,166.0,Parkdale-High Park,15.324932601393188,3.438984851369927,1936.8595411140805,1369.1669076787987,2.0810067123721794,0.6051223841661314,0.006721574685622888,12.647507939584449,0.31213822379371625,0.2244045661288774,0.8252896289041209,85.14045888591954,2.0810067123721794,0.4994012278700435,733.1,548.6,137.34,2,1130.0,1.6505792578082419,4.162013424744359,0.6242764475874325
5,2005,386.0,York South-Weston,24.97356667631694,26.766267692661632,1950.6137670197415,1467.640926805777,20.524105733566138,0.7667899749501917,0.08629647890927655,23.993165641934795,7.013153628509131,1.0717839401788274,0.9607424503240106,71.38623298025846,20.524105733566138,0.736687679417534,733.1,548.6,137.34,2,1130.0,1.9214849006480212,41.048211467132276,14.026307257018262
6,2005,437.0,York Centre,35.35267319601433,20.39218380119885,1966.3502179447437,1235.4359430961936,9.053615094968425,0.4439747691189487,0.28088650304913293,33.8970993777612,8.83928775031618,0.5768215514604387,0.9588270507810642,55.64978205525631,9.053615094968425,0.4256950184955255,733.1,548.6,137.34,2,1130.0,1.9176541015621285,18.10723018993685,17.67857550063236
7,2005,281.0,Humber River-Black Creek,30.69420658597782,8.519778123046532,1959.5866677738884,1003.7238508209028,4.853968680842798,0.5697294707373317,0.2658610382415345,0.0,0.0,0.27756958301501305,0.0,62.413332226111606,4.853968680842798,0.0,733.1,548.6,137.34,2,1130.0,0.0,9.707937361685596,0.0
8,2005,179.0,Eglinton-Lawrence,22.657719856983817,20.56681964535326,1951.620484291812,1656.0547848675828,13.626838088875415,0.6625641846358185,0.04981866167784881,49.563341067097156,19.654190136239787,0.9077179775887256,2.1874814138378618,70.37951570818791,13.626838088875415,1.4493468393654902,733.1,548.6,137.34,2,1130.0,4.3749628276757235,27.25367617775083,39.308380272479575
9,2005,185.0,Davenport,12.092764199613006,2.4774486910009004,1958.634013264649,1852.9897186513444,0.7965447311883609,0.32151815457641353,0.0,22.779630881086767,4.07888543520061,0.20487033817133257,1.8837405993425196,63.36598673535104,0.7965447311883609,0.6056568012012741,733.1,548.6,137.34,2,1130.0,3.767481198685039,1.5930894623767218,8.15777087040122
10,2005,329.0,Spadina-Fort York,18.698987381759622,14.666584750220604,1947.2361628604338,2195.4671008948226,6.837700880062713,0.4662094820649958,0.014643720295538018,15.161141481866219,6.504644955947919,0.784351818137889,0.8108001343781599,74.76383713956625,6.837700880062713,0.3780027107066709,733.1,548.6,137.34,2,1130.0,1.6216002687563198,13.675401760125427,13.009289911895838
11,2005,483.0,University-Rosedale,13.594704244626001,5.634714738256236,1966.3407826269856,3646.281200108154,0.022988246617577247,0.004079753401090784,0.05122563201500643,20.752800773694148,2.480038275193153,0.4144786555752873,1.5265356568457713,55.65921737301437,0.022988246617577247,0.0062278890379028895,733.1,548.6,137.34,2,1130.0,3.0530713136915426,0.04597649323515449,4.960076550386306
12,2005,239.0,Toronto-St. Paul's,13.119079184322695,7.99810887469478,1949.5318307951115,2727.6797383868216,4.0724362100101255,0.5091748904412777,0.011236179073602299,19.110091759399243,6.210414702472509,0.6096547449955576,1.45666410659643,72.46816920488845,4.0724362100101255,0.741696786885979,733.1,548.6,137.34,2,1130.0,2.91332821319286,8.144872420020251,12.420829404945017
13,2005,448.0,Toronto Centre,5.861978760190288,13.451075980318636,1943.92133419495,2557.076052524731,5.597445399401714,0.41613365411003495,0.01613878249527002,18.62655068739639,7.897617470483735,2.294630623991206,3.177519306943334,78.07866580504992,5.597445399401714,1.3222727202035154,733.1,548.6,137.34,2,1130.0,6.355038613886668,11.194890798803428,15.79523494096747
14,2005,230.0,Toronto-Danforth,21.798055615035086,23.589900903412374,1947.1588684438966,2868.454104266577,11.17001854690989,0.4735084980918297,0.006614523328547946,24.091682221342307,6.592037691748661,1.0822020697635697,1.1052216145703015,74.84113155610339,11.17001854690989,0.5233318267738106,733.1,548.6,137.34,2,1130.0,2.210443229140603,22.34003709381978,13.184075383497323
15,2005,306.0,Don Valley West,30.29144696302436,29.26589381381763,1946.766889130305,1968.9721483159524,24.795875894849836,0.8472618691434834,0.23243206828997962,28.387162823286722,9.836011594357993,0.9661438045380076,0.9371345930730174,75.23311086969511,24.795875894849836,0.7939984069660625,733.1,548.6,137.34,2,1130.0,1.8742691861460348,49.59175178969967,19.672023188715986
16,2005,397.0,Don Valley East,22.961197918113417,13.878017333710863,1958.3321017754122,1235.0184943198562,11.944627209662139,0.860686863436007,0.1738105748566399,24.213762537486556,7.582434340982408,0.6044117290049097,1.0545513619907882,63.667898224587816,11.944627209662139,0.9076385040840207,733.1,548.6,137.34,2,1130.0,2.1091027239815765,23.889254419324278,15.164868681964816
17,2005,379.0,Don Valley North,24.416753467633473,12.97606063006196,1961.6187924323604,1032.1304208420622,6.132698743234943,0.4726163754989838,0.42184089960364424,0.0,0.0,0.531440866913894,0.0,60.38120756763965,6.132698743234943,0.0,733.1,548.6,137.34,2,1130.0,0.0,12.265397486469887,0.0
18,2005,194.0,Willowdale,19.75882362539992,3.193125226900896,1960.4788516251642,1054.2434135288302,1.9030665605984192,0.5959887024053391,0.3467135321791051,0.0,0.0,0.16160502707236787,0.0,61.521148374835775,1.9030665605984192,0.0,733.1,548.6,137.34,2,1130.0,0.0,3.8061331211968383,0.0
19,2005,180.0,Beaches-East York,16.801757122746206,12.414174737657323,1955.0982134947078,1461.3331846947906,12.038084118354147,0.9697047425824983,0.06772092897197021,29.702015952108624,3.101404775244502,0.738861694462362,1.767792245484733,66.9017865052922,12.038084118354147,1.7142365243471096,733.1,548.6,137.34,2,1130.0,3.535584490969466,24.076168236708295,6.202809550489004
20,2005,141.0,Scarborough Southwest,28.187889894639056,11.769449017298337,1963.224156456754,1005.5208687840502,3.771409344470814,0.3204406033729977,0.13955049024410776,29.832969216314297,13.809039659137724,0.4175356531223262,1.0583612085836944,58.77584354324608,3.771409344470814,0.3391419042651341,733.1,548.6,137.34,2,1130.0,2.116722417167389,7.542818688941628,27.61807931827545
21,2005,308.0,Scarborough Centre,28.201836526408336,13.669029535083613,1960.4264511138674,858.1402389160564,9.225720065623907,0.6749359961469623,0.22327893176298094,8.217578284761395,1.4819534377500225,0.4846857942135743,0.2913845088445362,61.573548886132585,9.225720065623907,0.1966658937387804,733.1,548.6,137.34,2,1130.0,0.5827690176890724,18.451440131247814,2.963906875500045
22,2005,301.0,Scarborough-Agincourt,21.39597748752067,4.292168652866637,1963.9315772267446,1033.6411457718898,1.184813061724434,0.27604065859181126,0.005957693407050983,0.0,0.0,0.20060633618492402,0.0,58.068422773255406,1.184813061724434,0.0,733.1,548.6,137.34,2,1130.0,0.0,2.369626123448868,0.0
23,2005,716.0,Scarborough North,30.43394865212225,7.0606207598562944,1968.5619806513523,932.1850713358026,0.12161325971317269,0.01722415972326602,0.04759136384584725,0.0,0.0,0.23199818204871475,0.0,53.438019348647686,0.12161325971317269,0.0,733.1,548.6,137.34,2,1130.0,0.0,0.24322651942634538,0.0
24,2005,352.0,Scarborough-Guildwood,26.114731294747127,12.94895072769501,1960.0593299304937,1138.7376217997569,6.811194851142951,0.5260036117501996,0.0,0.0,0.0,0.49584851483038767,0.0,61.94067006950627,6.811194851142951,0.0,733.1,548.6,137.34,2,1130.0,0.0,13.622389702285902,0.0
25,2005,253.0,Scarborough-Rouge Park,54.085105633175615,18.21373636862709,1971.544983776764,1334.813929163113,3.3700116411419794,0.1850258273720695,0.063542526376574,0.0,0.0,0.3367606692341347,0.0,50.45501622323604,3.3700116411419794,0.0,733.1,548.6,137.34,2,1130.0,0.0,6.740023282283959,0.0
1,2006,107.0,Etobicoke North,48.352264069050925,20.405628211024492,1961.3790425660125,1164.4798715377021,6.567430580128026,0.3218440771443566,0.0731295405732733,0.0,0.0,0.42202011847642984,0.0,60.62095743398754,6.567430580128026,0.0,866.4,831.5,29.82,5,1171.0,0.0,32.837152900640135,0.0
2,2006,150.0,Etobicoke Centre,37.33975371405406,16.937263171496145,1959.7088571496665,1015.0818552976485,9.093376679460915,0.5368858349419893,0.40696475310855784,0.0,0.0,0.4535986846940889,0.0,62.29114285033347,9.093376679460915,0.0,866.4,831.5,29.82,5,1171.0,0.0,45.46688339730458,0.0
3,2006,101.0,Etobicoke-Lakeshore,40.01243087301818,33.780595124299666,1959.0919417937848,1153.171061684548,18.07278302555975,0.5350048736281532,0.427534706278702,0.0,0.0,0.8442525082143693,0.0,62.90805820621517,18.07278302555975,0.0,866.4,831.5,29.82,5,1171.0,0.0,90.36391512779875,0.0
4,2006,166.0,Parkdale-High Park,15.324932601393188,3.438984851369927,1936.8595411140805,1369.1669076787987,2.0810067123721794,0.6051223841661314,0.006721574685622888,12.647507939584449,0.31213822379371625,0.2244045661288774,0.8252896289041209,85.14045888591954,2.0810067123721794,0.4994012278700435,866.4,831.5,29.82,5,1171.0,4.126448144520605,10.405033561860897,1.5606911189685813
5,2006,358.0,York South-Weston,24.97356667631694,26.766267692661632,1950.6137670197415,1467.640926805777,20.524105733566138,0.7667899749501917,0.08629647890927655,23.993165641934795,7.013153628509131,1.0717839401788274,0.9607424503240106,71.38623298025846,20.524105733566138,0.736687679417534,866.4,831.5,29.82,5,1171.0,4.803712251620053,102.62052866783068,35.06576814254566
6,2006,408.0,York Centre,35.35267319601433,20.39218380119885,1966.3502179447437,1235.4359430961936,9.053615094968425,0.4439747691189487,0.28088650304913293,33.8970993777612,8.83928775031618,0.5768215514604387,0.9588270507810642,55.64978205525631,9.053615094968425,0.4256950184955255,866.4,831.5,29.82,5,1171.0,4.7941352539053215,45.26807547484212,44.1964387515809
7,2006,145.0,Humber River-Black Creek,30.69420658597782,8.519778123046532,1959.5866677738884,1003.7238508209028,4.853968680842798,0.5697294707373317,0.2658610382415345,0.0,0.0,0.27756958301501305,0.0,62.413332226111606,4.853968680842798,0.0,866.4,831.5,29.82,5,1171.0,0.0,24.26984340421399,0.0
8,2006,41.0,Eglinton-Lawrence,22.657719856983817,20.56681964535326,1951.620484291812,1656.0547848675828,13.626838088875415,0.6625641846358185,0.04981866167784881,49.563341067097156,19.654190136239787,0.9077179775887256,2.1874814138378618,70.37951570818791,13.626838088875415,1.4493468393654902,866.4,831.5,29.82,5,1171.0,10.937407069189309,68.13419044437707,98.27095068119894
9,2006,135.0,Davenport,12.092764199613006,2.4774486910009004,1958.634013264649,1852.9897186513444,0.7965447311883609,0.32151815457641353,0.0,22.779630881086767,4.07888543520061,0.20487033817133257,1.8837405993425196,63.36598673535104,0.7965447311883609,0.6056568012012741,866.4,831.5,29.82,5,1171.0,9.418702996712598,3.9827236559418044,20.394427176003052
10,2006,176.0,Spadina-Fort York,18.698987381759622,14.666584750220604,1947.2361628604338,2195.4671008948226,6.837700880062713,0.4662094820649958,0.014643720295538018,15.161141481866219,6.504644955947919,0.784351818137889,0.8108001343781599,74.76383713956625,6.837700880062713,0.3780027107066709,866.4,831.5,29.82,5,1171.0,4.054000671890799,34.18850440031357,32.52322477973959
11,2006,384.0,University-Rosedale,13.594704244626001,5.634714738256236,1966.3407826269856,3646.281200108154,0.022988246617577247,0.004079753401090784,0.05122563201500643,20.752800773694148,2.480038275193153,0.4144786555752873,1.5265356568457713,55.65921737301437,0.022988246617577247,0.0062278890379028895,866.4,831.5,29.82,5,1171.0,7.632678284228857,0.11494123308788623,12.400191375965765
12,2006,191.0,Toronto-St. Paul's,13.119079184322695,7.99810887469478,1949.5318307951115,2727.6797383868216,4.0724362100101255,0.5091748904412777,0.011236179073602299,19.110091759399243,6.210414702472509,0.6096547449955576,1.45666410659643,72.46816920488845,4.0724362100101255,0.741696786885979,866.4,831.5,29.82,5,1171.0,7.283320532982151,20.362181050050626,31.052073512362544
13,2006,385.0,Toronto Centre,5.861978760190288,13.451075980318636,1943.92133419495,2557.076052524731,5.597445399401714,0.41613365411003495,0.01613878249527002,18.62655068739639,7.897617470483735,2.294630623991206,3.177519306943334,78.07866580504992,5.597445399401714,1.3222727202035154,866.4,831.5,29.82,5,1171.0,15.887596534716671,27.98722699700857,39.488087352418674
14,2006,207.0,Toronto-Danforth,21.798055615035086,23.589900903412374,1947.1588684438966,2868.454104266577,11.17001854690989,0.4735084980918297,0.006614523328547946,24.091682221342307,6.592037691748661,1.0822020697635697,1.1052216145703015,74.84113155610339,11.17001854690989,0.5233318267738106,866.4,831.5,29.82,5,1171.0,5.526108072851508,55.85009273454945,32.9601884587433
15,2006,268.0,Don Valley West,30.29144696302436,29.26589381381763,1946.766889130305,1968.9721483159524,24.795875894849836,0.8472618691434834,0.23243206828997962,28.387162823286722,9.836011594357993,0.9661438045380076,0.9371345930730174,75.23311086969511,24.795875894849836,0.7939984069660625,866.4,831.5,29.82,5,1171.0,4.685672965365087,123.97937947424919,49.180057971789964
16,2006,307.0,Don Valley East,22.961197918113417,13.878017333710863,1958.3321017754122,1235.0184943198562,11.944627209662139,0.860686863436007,0.1738105748566399,24.213762537486556,7.582434340982408,0.6044117290049097,1.0545513619907882,63.667898224587816,11.944627209662139,0.9076385040840207,866.4,831.5,29.82,5,1171.0,5.2727568099539415,59.72313604831069,37.91217170491204
17,2006,314.0,Don Valley North,24.416753467633473,12.97606063006196,1961.6187924323604,1032.1304208420622,6.132698743234943,0.4726163754989838,0.42184089960364424,0.0,0.0,0.531440866913894,0.0,60.38120756763965,6.132698743234943,0.0,866.4,831.5,29.82,5,1171.0,0.0,30.663493716174717,0.0
18,2006,159.0,Willowdale,19.75882362539992,3.193125226900896,1960.4788516251642,1054.2434135288302,1.9030665605984192,0.5959887024053391,0.3467135321791051,0.0,0.0,0.16160502707236787,0.0,61.521148374835775,1.9030665605984192,0.0,866.4,831.5,29.82,5,1171.0,0.0,9.515332802992095,0.0
19,2006,184.0,Beaches-East York,16.801757122746206,12.414174737657323,1955.0982134947078,1461.3331846947906,12.038084118354147,0.9697047425824983,0.06772092897197021,29.702015952108624,3.101404775244502,0.738861694462362,1.767792245484733,66.9017865052922,12.038084118354147,1.7142365243471096,866.4,831.5,29.82,5,1171.0,8.838961227423665,60.19042059177074,15.50702387622251
20,2006,152.0,Scarborough Southwest,28.187889894639056,11.769449017298337,1963.224156456754,1005.5208687840502,3.771409344470814,0.3204406033729977,0.13955049024410776,29.832969216314297,13.809039659137724,0.4175356531223262,1.0583612085836944,58.77584354324608,3.771409344470814,0.3391419042651341,866.4,831.5,29.82,5,1171.0,5.291806042918472,18.85704672235407,69.04519829568862
21,2006,209.0,Scarborough Centre,28.201836526408336,13.669029535083613,1960.4264511138674,858.1402389160564,9.225720065623907,0.6749359961469623,0.22327893176298094,8.217578284761395,1.4819534377500225,0.4846857942135743,0.2913845088445362,61.573548886132585,9.225720065623907,0.1966658937387804,866.4,831.5,29.82,5,1171.0,1.456922544222681,46.12860032811953,7.409767188750113
22,2006,211.0,Scarborough-Agincourt,21.39597748752067,4.292168652866637,1963.9315772267446,1033.6411457718898,1.184813061724434,0.27604065859181126,0.005957693407050983,0.0,0.0,0.20060633618492402,0.0,58.068422773255406,1.184813061724434,0.0,866.4,831.5,29.82,5,1171.0,0.0,5.924065308622169,0.0
23,2006,228.0,Scarborough North,30.43394865212225,7.0606207598562944,1968.5619806513523,932.1850713358026,0.12161325971317269,0.01722415972326602,0.04759136384584725,0.0,0.0,0.23199818204871475,0.0,53.438019348647686,0.12161325971317269,0.0,866.4,831.5,29.82,5,1171.0,0.0,0.6080662985658635,0.0
24,2006,139.0,Scarborough-Guildwood,26.114731294747127,12.94895072769501,1960.0593299304937,1138.7376217997569,6.811194851142951,0.5260036117501996,0.0,0.0,0.0,0.49584851483038767,0.0,61.94067006950627,6.811194851142951,0.0,866.4,831.5,29.82,5,1171.0,0.0,34.05597425571476,0.0
25,2006,209.0,Scarborough-Rouge Park,54.085105633175615,18.21373636862709,1971.544983776764,1334.813929163113,3.3700116411419794,0.1850258273720695,0.063542526376574,0.0,0.0,0.3367606692341347,0.0,50.45501622323604,3.3700116411419794,0.0,866.4,831.5,29.82,5,1171.0,0.0,16.850058205709896,0.0
1,2007,98.0,Etobicoke North,48.352264069050925,20.405628211024492,1961.3790425660125,1164.4798715377021,6.567430580128026,0.3218440771443566,0.0731295405732733,0.0,0.0,0.42202011847642984,0.0,60.62095743398754,6.567430580128026,0.0,581.4,442.6,106.05,0,990.0,0.0,0.0,0.0
2,2007,173.0,Etobicoke Centre,37.33975371405406,16.937263171496145,1959.7088571496665,1015.0818552976485,9.093376679460915,0.5368858349419893,0.40696475310855784,0.0,0.0,0.4535986846940889,0.0,62.29114285033347,9.093376679460915,0.0,581.4,442.6,106.05,0,990.0,0.0,0.0,0.0
3,2007,126.0,Etobicoke-Lakeshore,40.01243087301818,33.780595124299666,1959.0919417937848,1153.171061684548,18.07278302555975,0.5350048736281532,0.427534706278702,0.0,0.0,0.8442525082143693,0.0,62.90805820621517,18.07278302555975,0.0,581.4,442.6,106.05,0,990.0,0.0,0.0,0.0
4,2007,128.0,Parkdale-High Park,15.324932601393188,3.438984851369927,1936.8595411140805,1369.1669076787987,2.0810067123721794,0.6051223841661314,0.006721574685622888,12.647507939584449,0.31213822379371625,0.2244045661288774,0.8252896289041209,85.14045888591954,2.0810067123721794,0.4994012278700435,581.4,442.6,106.05,0,990.0,0.0,0.0,0.0
5,2007,303.0,York South-Weston,24.97356667631694,26.766267692661632,1950.6137670197415,1467.640926805777,20.524105733566138,0.7667899749501917,0.08629647890927655,23.993165641934795,7.013153628509131,1.0717839401788274,0.9607424503240106,71.38623298025846,20.524105733566138,0.736687679417534,581.4,442.6,106.05,0,990.0,0.0,0.0,0.0
6,2007,422.0,York Centre,35.35267319601433,20.39218380119885,1966.3502179447437,1235.4359430961936,9.053615094968425,0.4439747691189487,0.28088650304913293,33.8970993777612,8.83928775031618,0.5768215514604387,0.9588270507810642,55.64978205525631,9.053615094968425,0.4256950184955255,581.4,442.6,106.05,0,990.0,0.0,0.0,0.0
7,2007,121.0,Humber River-Black Creek,30.69420658597782,8.519778123046532,1959.5866677738884,1003.7238508209028,4.853968680842798,0.5697294707373317,0.2658610382415345,0.0,0.0,0.27756958301501305,0.0,62.413332226111606,4.853968680842798,0.0,581.4,442.6,106.05,0,990.0,0.0,0.0,0.0
8,2007,43.0,Eglinton-Lawrence,22.657719856983817,20.56681964535326,1951.620484291812,1656.0547848675828,13.626838088875415,0.6625641846358185,0.04981866167784881,49.563341067097156,19.654190136239787,0.9077179775887256,2.1874814138378618,70.37951570818791,13.626838088875415,1.4493468393654902,581.4,442.6,106.05,0,990.0,0.0,0.0,0.0
9,2007,156.0,Davenport,12.092764199613006,2.4774486910009004,1958.634013264649,1852.9897186513444,0.7965447311883609,0.32151815457641353,0.0,22.779630881086767,4.07888543520061,0.20487033817133257,1.8837405993425196,63.36598673535104,0.7965447311883609,0.6056568012012741,581.4,442.6,106.05,0,990.0,0.0,0.0,0.0
10,2007,197.0,Spadina-Fort York,18.698987381759622,14.666584750220604,1947.2361628604338,2195.4671008948226,6.837700880062713,0.4662094820649958,0.014643720295538018,15.161141481866219,6.504644955947919,0.784351818137889,0.8108001343781599,74.76383713956625,6.837700880062713,0.3780027107066709,581.4,442.6,106.05,0,990.0,0.0,0.0,0.0
11,2007,416.0,University-Rosedale,13.594704244626001,5.634714738256236,1966.3407826269856,3646.281200108154,0.022988246617577247,0.004079753401090784,0.05122563201500643,20.752800773694148,2.480038275193153,0.4144786555752873,1.5265356568457713,55.65921737301437,0.022988246617577247,0.0062278890379028895,581.4,442.6,106.05,0,990.0,0.0,0.0,0.0
12,2007,232.0,Toronto-St. Paul's,13.119079184322695,7.99810887469478,1949.5318307951115,2727.6797383868216,4.0724362100101255,0.5091748904412777,0.011236179073602299,19.110091759399243,6.210414702472509,0.6096547449955576,1.45666410659643,72.46816920488845,4.0724362100101255,0.741696786885979,581.4,442.6,106.05,0,990.0,0.0,0.0,0.0
13,2007,387.0,Toronto Centre,5.861978760190288,13.451075980318636,1943.92133419495,2557.076052524731,5.597445399401714,0.41613365411003495,0.01613878249527002,18.62655068739639,7.897617470483735,2.294630623991206,3.177519306943334,78.07866580504992,5.597445399401714,1.3222727202035154,581.4,442.6,106.05,0,990.0,0.0,0.0,0.0
14,2007,167.0,Toronto-Danforth,21.798055615035086,23.589900903412374,1947.1588684438966,2868.454104266577,11.17001854690989,0.4735084980918297,0.006614523328547946,24.091682221342307,6.592037691748661,1.0822020697635697,1.1052216145703015,74.84113155610339,11.17001854690989,0.5233318267738106,581.4,442.6,106.05,0,990.0,0.0,0.0,0.0
15,2007,320.0,Don Valley West,30.29144696302436,29.26589381381763,1946.766889130305,1968.9721483159524,24.795875894849836,0.8472618691434834,0.23243206828997962,28.387162823286722,9.836011594357993,0.9661438045380076,0.9371345930730174,75.23311086969511,24.795875894849836,0.7939984069660625,581.4,442.6,106.05,0,990.0,0.0,0.0,0.0
16,2007,290.0,Don Valley East,22.961197918113417,13.878017333710863,1958.3321017754122,1235.0184943198562,11.944627209662139,0.860686863436007,0.1738105748566399,24.213762537486556,7.582434340982408,0.6044117290049097,1.0545513619907882,63.667898224587816,11.944627209662139,0.9076385040840207,581.4,442.6,106.05,0,990.0,0.0,0.0,0.0
17,2007,326.0,Don Valley North,24.416753467633473,12.97606063006196,1961.6187924323604,1032.1304208420622,6.132698743234943,0.4726163754989838,0.42184089960364424,0.0,0.0,0.531440866913894,0.0,60.38120756763965,6.132698743234943,0.0,581.4,442.6,106.05,0,990.0,0.0,0.0,0.0
18,2007,203.0,Willowdale,19.75882362539992,3.193125226900896,1960.4788516251642,1054.2434135288302,1.9030665605984192,0.5959887024053391,0.3467135321791051,0.0,0.0,0.16160502707236787,0.0,61.521148374835775,1.9030665605984192,0.0,581.4,442.6,106.05,0,990.0,0.0,0.0,0.0
19,2007,164.0,Beaches-East York,16.801757122746206,12.414174737657323,1955.0982134947078,1461.3331846947906,12.038084118354147,0.9697047425824983,0.06772092897197021,29.702015952108624,3.101404775244502,0.738861694462362,1.767792245484733,66.9017865052922,12.038084118354147,1.7142365243471096,581.4,442.6,106.05,0,990.0,0.0,0.0,0.0
20,2007,141.0,Scarborough Southwest,28.187889894639056,11.769449017298337,1963.224156456754,1005.5208687840502,3.771409344470814,0.3204406033729977,0.13955049024410776,29.832969216314297,13.809039659137724,0.4175356531223262,1.0583612085836944,58.77584354324608,3.771409344470814,0.3391419042651341,581.4,442.6,106.05,0,990.0,0.0,0.0,0.0
21,2007,244.0,Scarborough Centre,28.201836526408336,13.669029535083613,1960.4264511138674,858.1402389160564,9.225720065623907,0.6749359961469623,0.22327893176298094,8.217578284761395,1.4819534377500225,0.4846857942135743,0.2913845088445362,61.573548886132585,9.225720065623907,0.1966658937387804,581.4,442.6,106.05,0,990.0,0.0,0.0,0.0
22,2007,210.0,Scarborough-Agincourt,21.39597748752067,4.292168652866637,1963.9315772267446,1033.6411457718898,1.184813061724434,0.27604065859181126,0.005957693407050983,0.0,0.0,0.20060633618492402,0.0,58.068422773255406,1.184813061724434,0.0,581.4,442.6,106.05,0,990.0,0.0,0.0,0.0
23,2007,174.0,Scarborough North,30.43394865212225,7.0606207598562944,1968.5619806513523,932.1850713358026,0.12161325971317269,0.01722415972326602,0.04759136384584725,0.0,0.0,0.23199818204871475,0.0,53.438019348647686,0.12161325971317269,0.0,581.4,442.6,106.05,0,990.0,0.0,0.0,0.0
24,2007,103.0,Scarborough-Guildwood,26.114731294747127,12.94895072769501,1960.0593299304937,1138.7376217997569,6.811194851142951,0.5260036117501996,0.0,0.0,0.0,0.49584851483038767,0.0,61.94067006950627,6.811194851142951,0.0,581.4,442.6,106.05,0,990.0,0.0,0.0,0.0
25,2007,182.0,Scarborough-Rouge Park,54.085105633175615,18.21373636862709,1971.544983776764,1334.813929163113,3.3700116411419794,0.1850258273720695,0.063542526376574,0.0,0.0,0.3367606692341347,0.0,50.45501622323604,3.3700116411419794,0.0,581.4,442.6,106.05,0,990.0,0.0,0.0,0.0
1,2008,80.0,Etobicoke North,48.352264069050925,20.405628211024492,1961.3790425660125,1164.4798715377021,6.567430580128026,0.3218440771443566,0.0731295405732733,0.0,0.0,0.42202011847642984,0.0,60.62095743398754,6.567430580128026,0.0,1055.5,802.5,184.59,2,1373.0,0.0,13.134861160256053,0.0
2,2008,137.0,Etobicoke Centre,37.33975371405406,16.937263171496145,1959.7088571496665,1015.0818552976485,9.093376679460915,0.5368858349419893,0.40696475310855784,0.0,0.0,0.4535986846940889,0.0,62.29114285033347,9.093376679460915,0.0,1055.5,802.5,184.59,2,1373.0,0.0,18.18675335892183,0.0
3,2008,100.0,Etobicoke-Lakeshore,40.01243087301818,33.780595124299666,1959.0919417937848,1153.171061684548,18.07278302555975,0.5350048736281532,0.427534706278702,0.0,0.0,0.8442525082143693,0.0,62.90805820621517,18.07278302555975,0.0,1055.5,802.5,184.59,2,1373.0,0.0,36.1455660511195,0.0
4,2008,135.0,Parkdale-High Park,15.324932601393188,3.438984851369927,1936.8595411140805,1369.1669076787987,2.0810067123721794,0.6051223841661314,0.006721574685622888,12.647507939584449,0.31213822379371625,0.2244045661288774,0.8252896289041209,85.14045888591954,2.0810067123721794,0.4994012278700435,1055.5,802.5,184.59,2,1373.0,1.6505792578082419,4.162013424744359,0.6242764475874325
5,2008,301.0,York South-Weston,24.97356667631694,26.766267692661632,1950.6137670197415,1467.640926805777,20.524105733566138,0.7667899749501917,0.08629647890927655,23.993165641934795,7.013153628509131,1.0717839401788274,0.9607424503240106,71.38623298025846,20.524105733566138,0.736687679417534,1055.5,802.5,184.59,2,1373.0,1.9214849006480212,41.048211467132276,14.026307257018262
6,2008,360.0,York Centre,35.35267319601433,20.39218380119885,1966.3502179447437,1235.4359430961936,9.053615094968425,0.4439747691189487,0.28088650304913293,33.8970993777612,8.83928775031618,0.5768215514604387,0.9588270507810642,55.64978205525631,9.053615094968425,0.4256950184955255,1055.5,802.5,184.59,2,1373.0,1.9176541015621285,18.10723018993685,17.67857550063236
7,2008,185.0,Humber River-Black Creek,30.69420658597782,8.519778123046532,1959.5866677738884,1003.7238508209028,4.853968680842798,0.5697294707373317,0.2658610382415345,0.0,0.0,0.27756958301501305,0.0,62.413332226111606,4.853968680842798,0.0,1055.5,802.5,184.59,2,1373.0,0.0,9.707937361685596,0.0
8,2008,67.0,Eglinton-Lawrence,22.657719856983817,20.56681964535326,1951.620484291812,1656.0547848675828,13.626838088875415,0.6625641846358185,0.04981866167784881,49.563341067097156,19.654190136239787,0.9077179775887256,2.1874814138378618,70.37951570818791,13.626838088875415,1.4493468393654902,1055.5,802.5,184.59,2,1373.0,4.3749628276757235,27.25367617775083,39.308380272479575
9,2008,162.0,Davenport,12.092764199613006,2.4774486910009004,1958.634013264649,1852.9897186513444,0.7965447311883609,0.32151815457641353,0.0,22.779630881086767,4.07888543520061,0.20487033817133257,1.8837405993425196,63.36598673535104,0.7965447311883609,0.6056568012012741,1055.5,802.5,184.59,2,1373.0,3.767481198685039,1.5930894623767218,8.15777087040122
10,2008,197.0,Spadina-Fort York,18.698987381759622,14.666584750220604,1947.2361628604338,2195.4671008948226,6.837700880062713,0.4662094820649958,0.014643720295538018,15.161141481866219,6.504644955947919,0.784351818137889,0.8108001343781599,74.76383713956625,6.837700880062713,0.3780027107066709,1055.5,802.5,184.59,2,1373.0,1.6216002687563198,13.675401760125427,13.009289911895838
11,2008,365.0,University-Rosedale,13.594704244626001,5.634714738256236,1966.3407826269856,3646.281200108154,0.022988246617577247,0.004079753401090784,0.05122563201500643,20.752800773694148,2.480038275193153,0.4144786555752873,1.5265356568457713,55.65921737301437,0.022988246617577247,0.0062278890379028895,1055.5,802.5,184.59,2,1373.0,3.0530713136915426,0.04597649323515449,4.960076550386306
12,2008,231.0,Toronto-St. Paul's,13.119079184322695,7.99810887469478,1949.5318307951115,2727.6797383868216,4.0724362100101255,0.5091748904412777,0.011236179073602299,19.110091759399243,6.210414702472509,0.6096547449955576,1.45666410659643,72.46816920488845,4.0724362100101255,0.741696786885979,1055.5,802.5,184.59,2,1373.0,2.91332821319286,8.144872420020251,12.420829404945017
13,2008,400.0,Toronto Centre,5.861978760190288,13.451075980318636,1943.92133419495,2557.076052524731,5.597445399401714,0.41613365411003495,0.01613878249527002,18.62655068739639,7.897617470483735,2.294630623991206,3.177519306943334,78.07866580504992,5.597445399401714,1.3222727202035154,1055.5,802.5,184.59,2,1373.0,6.355038613886668,11.194890798803428,15.79523494096747
14,2008,160.0,Toronto-Danforth,21.798055615035086,23.589900903412374,1947.1588684438966,2868.454104266577,11.17001854690989,0.4735084980918297,0.006614523328547946,24.091682221342307,6.592037691748661,1.0822020697635697,1.1052216145703015,74.84113155610339,11.17001854690989,0.5233318267738106,1055.5,802.5,184.59,2,1373.0,2.210443229140603,22.34003709381978,13.184075383497323
15,2008,309.0,Don Valley West,30.29144696302436,29.26589381381763,1946.766889130305,1968.9721483159524,24.795875894849836,0.8472618691434834,0.23243206828997962,28.387162823286722,9.836011594357993,0.9661438045380076,0.9371345930730174,75.23311086969511,24.795875894849836,0.7939984069660625,1055.5,802.5,184.59,2,1373.0,1.8742691861460348,49.59175178969967,19.672023188715986
16,2008,317.0,Don Valley East,22.961197918113417,13.878017333710863,1958.3321017754122,1235.0184943198562,11.944627209662139,0.860686863436007,0.1738105748566399,24.213762537486556,7.582434340982408,0.6044117290049097,1.0545513619907882,63.667898224587816,11.944627209662139,0.9076385040840207,1055.5,802.5,184.59,2,1373.0,2.1091027239815765,23.889254419324278,15.164868681964816
17,2008,380.0,Don Valley North,24.416753467633473,12.97606063006196,1961.6187924323604,1032.1304208420622,6.132698743234943,0.4726163754989838,0.42184089960364424,0.0,0.0,0.531440866913894,0.0,60.38120756763965,6.132698743234943,0.0,1055.5,802.5,184.59,2,1373.0,0.0,12.265397486469887,0.0
18,2008,220.0,Willowdale,19.75882362539992,3.193125226900896,1960.4788516251642,1054.2434135288302,1.9030665605984192,0.5959887024053391,0.3467135321791051,0.0,0.0,0.16160502707236787,0.0,61.521148374835775,1.9030665605984192,0.0,1055.5,802.5,184.59,2,1373.0,0.0,3.8061331211968383,0.0
19,2008,177.0,Beaches-East York,16.801757122746206,12.414174737657323,1955.0982134947078,1461.3331846947906,12.038084118354147,0.9697047425824983,0.06772092897197021,29.702015952108624,3.101404775244502,0.738861694462362,1.767792245484733,66.9017865052922,12.038084118354147,1.7142365243471096,1055.5,802.5,184.59,2,1373.0,3.535584490969466,24.076168236708295,6.202809550489004
20,2008,124.0,Scarborough Southwest,28.187889894639056,11.769449017298337,1963.224156456754,1005.5208687840502,3.771409344470814,0.3204406033729977,0.13955049024410776,29.832969216314297,13.809039659137724,0.4175356531223262,1.0583612085836944,58.77584354324608,3.771409344470814,0.3391419042651341,1055.5,802.5,184.59,2,1373.0,2.116722417167389,7.542818688941628,27.61807931827545
21,2008,298.0,Scarborough Centre,28.201836526408336,13.669029535083613,1960.4264511138674,858.1402389160564,9.225720065623907,0.6749359961469623,0.22327893176298094,8.217578284761395,1.4819534377500225,0.4846857942135743,0.2913845088445362,61.573548886132585,9.225720065623907,0.1966658937387804,1055.5,802.5,184.59,2,1373.0,0.5827690176890724,18.451440131247814,2.963906875500045
22,2008,210.0,Scarborough-Agincourt,21.39597748752067,4.292168652866637,1963.9315772267446,1033.6411457718898,1.184813061724434,0.27604065859181126,0.005957693407050983,0.0,0.0,0.20060633618492402,0.0,58.068422773255406,1.184813061724434,0.0,1055.5,802.5,184.59,2,1373.0,0.0,2.369626123448868,0.0
23,2008,241.0,Scarborough North,30.43394865212225,7.0606207598562944,1968.5619806513523,932.1850713358026,0.12161325971317269,0.01722415972326602,0.04759136384584725,0.0,0.0,0.23199818204871475,0.0,53.438019348647686,0.12161325971317269,0.0,1055.5,802.5,184.59,2,1373.0,0.0,0.24322651942634538,0.0
24,2008,138.0,Scarborough-Guildwood,26.114731294747127,12.94895072769501,1960.0593299304937,1138.7376217997569,6.811194851142951,0.5260036117501996,0.0,0.0,0.0,0.49584851483038767,0.0,61.94067006950627,6.811194851142951,0.0,1055.5,802.5,184.59,2,1373.0,0.0,13.622389702285902,0.0
25,2008,178.0,Scarborough-Rouge Park,54.085105633175615,18.21373636862709,1971.544983776764,1334.813929163113,3.3700116411419794,0.1850258273720695,0.063542526376574,0.0,0.0,0.3367606692341347,0.0,50.45501622323604,3.3700116411419794,0.0,1055.5,802.5,184.59,2,1373.0,0.0,6.740023282283959,0.0
1,2009,82.0,Etobicoke North,48.352264069050925,20.405628211024492,1961.3790425660125,1164.4798715377021,6.567430580128026,0.3218440771443566,0.0731295405732733,0.0,0.0,0.42202011847642984,0.0,60.62095743398754,6.567430580128026,0.0,806.2,700.0,81.55,3,1082.0,0.0,19.70229174038408,0.0
2,2009,119.0,Etobicoke Centre,37.33975371405406,16.937263171496145,1959.7088571496665,1015.0818552976485,9.093376679460915,0.5368858349419893,0.40696475310855784,0.0,0.0,0.4535986846940889,0.0,62.29114285033347,9.093376679460915,0.0,806.2,700.0,81.55,3,1082.0,0.0,27.280130038382744,0.0
3,2009,88.0,Etobicoke-Lakeshore,40.01243087301818,33.780595124299666,1959.0919417937848,1153.171061684548,18.07278302555975,0.5350048736281532,0.427534706278702,0.0,0.0,0.8442525082143693,0.0,62.90805820621517,18.07278302555975,0.0,806.2,700.0,81.55,3,1082.0,0.0,54.21834907667925,0.0
4,2009,117.0,Parkdale-High Park,15.324932601393188,3.438984851369927,1936.8595411140805,1369.1669076787987,2.0810067123721794,0.6051223841661314,0.006721574685622888,12.647507939584449,0.31213822379371625,0.2244045661288774,0.8252896289041209,85.14045888591954,2.0810067123721794,0.4994012278700435,806.2,700.0,81.55,3,1082.0,2.475868886712363,6.243020137116538,0.9364146713811488
5,2009,278.0,York South-Weston,24.97356667631694,26.766267692661632,1950.6137670197415,1467.640926805777,20.524105733566138,0.7667899749501917,0.08629647890927655,23.993165641934795,7.013153628509131,1.0717839401788274,0.9607424503240106,71.38623298025846,20.524105733566138,0.736687679417534,806.2,700.0,81.55,3,1082.0,2.8822273509720318,61.572317200698414,21.039460885527394
6,2009,326.0,York Centre,35.35267319601433,20.39218380119885,1966.3502179447437,1235.4359430961936,9.053615094968425,0.4439747691189487,0.28088650304913293,33.8970993777612,8.83928775031618,0.5768215514604387,0.9588270507810642,55.64978205525631,9.053615094968425,0.4256950184955255,806.2,700.0,81.55,3,1082.0,2.876481152343193,27.160845284905275,26.517863250948537
7,2009,162.0,Humber River-Black Creek,30.69420658597782,8.519778123046532,1959.5866677738884,1003.7238508209028,4.853968680842798,0.5697294707373317,0.2658610382415345,0.0,0.0,0.27756958301501305,0.0,62.413332226111606,4.853968680842798,0.0,806.2,700.0,81.55,3,1082.0,0.0,14.561906042528395,0.0
8,2009,46.0,Eglinton-Lawrence,22.657719856983817,20.56681964535326,1951.620484291812,1656.0547848675828,13.626838088875415,0.6625641846358185,0.04981866167784881,49.563341067097156,19.654190136239787,0.9077179775887256,2.1874814138378618,70.37951570818791,13.626838088875415,1.4493468393654902,806.2,700.0,81.55,3,1082.0,6.562444241513585,40.88051426662624,58.96257040871936
9,2009,130.0,Davenport,12.092764199613006,2.4774486910009004,1958.634013264649,1852.9897186513444,0.7965447311883609,0.32151815457641353,0.0,22.779630881086767,4.07888543520061,0.20487033817133257,1.8837405993425196,63.36598673535104,0.7965447311883609,0.6056568012012741,806.2,700.0,81.55,3,1082.0,5.651221798027558,2.3896341935650827,12.23665630560183
10,2009,193.0,Spadina-Fort York,18.698987381759622,14.666584750220604,1947.2361628604338,2195.4671008948226,6.837700880062713,0.4662094820649958,0.014643720295538018,15.161141481866219,6.504644955947919,0.784351818137889,0.8108001343781599,74.76383713956625,6.837700880062713,0.3780027107066709,806.2,700.0,81.55,3,1082.0,2.43240040313448,20.51310264018814,19.51393486784376
11,2009,282.0,University-Rosedale,13.594704244626001,5.634714738256236,1966.3407826269856,3646.281200108154,0.022988246617577247,0.004079753401090784,0.05122563201500643,20.752800773694148,2.480038275193153,0.4144786555752873,1.5265356568457713,55.65921737301437,0.022988246617577247,0.0062278890379028895,806.2,700.0,81.55,3,1082.0,4.579606970537314,0.06896473985273174,7.440114825579459
12,2009,143.0,Toronto-St. Paul's,13.119079184322695,7.99810887469478,1949.5318307951115,2727.6797383868216,4.0724362100101255,0.5091748904412777,0.011236179073602299,19.110091759399243,6.210414702472509,0.6096547449955576,1.45666410659643,72.46816920488845,4.0724362100101255,0.741696786885979,806.2,700.0,81.55,3,1082.0,4.36999231978929,12.217308630030377,18.631244107417526
13,2009,260.0,Toronto Centre,5.861978760190288,13.451075980318636,1943.92133419495,2557.076052524731,5.597445399401714,0.41613365411003495,0.01613878249527002,18.62655068739639,7.897617470483735,2.294630623991206,3.177519306943334,78.07866580504992,5.597445399401714,1.3222727202035154,806.2,700.0,81.55,3,1082.0,9.532557920830001,16.792336198205142,23.692852411451206
14,2009,170.0,Toronto-Danforth,21.798055615035086,23.589900903412374,1947.1588684438966,2868.454104266577,11.17001854690989,0.4735084980918297,0.006614523328547946,24.091682221342307,6.592037691748661,1.0822020697635697,1.1052216145703015,74.84113155610339,11.17001854690989,0.5233318267738106,806.2,700.0,81.55,3,1082.0,3.3156648437109046,33.510055640729675,19.776113075245984
15,2009,235.0,Don Valley West,30.29144696302436,29.26589381381763,1946.766889130305,1968.9721483159524,24.795875894849836,0.8472618691434834,0.23243206828997962,28.387162823286722,9.836011594357993,0.9661438045380076,0.9371345930730174,75.23311086969511,24.795875894849836,0.7939984069660625,806.2,700.0,81.55,3,1082.0,2.8114037792190523,74.3876276845495,29.50803478307398
16,2009,255.0,Don Valley East,22.961197918113417,13.878017333710863,1958.3321017754122,1235.0184943198562,11.944627209662139,0.860686863436007,0.1738105748566399,24.213762537486556,7.582434340982408,0.6044117290049097,1.0545513619907882,63.667898224587816,11.944627209662139,0.9076385040840207,806.2,700.0,81.55,3,1082.0,3.1636540859723645,35.83388162898642,22.74730302294722
17,2009,221.0,Don Valley North,24.416753467633473,12.97606063006196,1961.6187924323604,1032.1304208420622,6.132698743234943,0.4726163754989838,0.42184089960364424,0.0,0.0,0.531440866913894,0.0,60.38120756763965,6.132698743234943,0.0,806.2,700.0,81.55,3,1082.0,0.0,18.39809622970483,0.0
18,2009,164.0,Willowdale,19.75882362539992,3.193125226900896,1960.4788516251642,1054.2434135288302,1.9030665605984192,0.5959887024053391,0.3467135321791051,0.0,0.0,0.16160502707236787,0.0,61.521148374835775,1.9030665605984192,0.0,806.2,700.0,81.55,3,1082.0,0.0,5.7091996817952575,0.0
19,2009,183.0,Beaches-East York,16.801757122746206,12.414174737657323,1955.0982134947078,1461.3331846947906,12.038084118354147,0.9697047425824983,0.06772092897197021,29.702015952108624,3.101404775244502,0.738861694462362,1.767792245484733,66.9017865052922,12.038084118354147,1.7142365243471096,806.2,700.0,81.55,3,1082.0,5.303376736454199,36.11425235506244,9.304214325733506
20,2009,173.0,Scarborough Southwest,28.187889894639056,11.769449017298337,1963.224156456754,1005.5208687840502,3.771409344470814,0.3204406033729977,0.13955049024410776,29.832969216314297,13.809039659137724,0.4175356531223262,1.0583612085836944,58.77584354324608,3.771409344470814,0.3391419042651341,806.2,700.0,81.55,3,1082.0,3.1750836257510833,11.31422803341244,41.42711897741317
21,2009,195.0,Scarborough Centre,28.201836526408336,13.669029535083613,1960.4264511138674,858.1402389160564,9.225720065623907,0.6749359961469623,0.22327893176298094,8.217578284761395,1.4819534377500225,0.4846857942135743,0.2913845088445362,61.573548886132585,9.225720065623907,0.1966658937387804,806.2,700.0,81.55,3,1082.0,0.8741535265336087,27.67716019687172,4.445860313250067
22,2009,179.0,Scarborough-Agincourt,21.39597748752067,4.292168652866637,1963.9315772267446,1033.6411457718898,1.184813061724434,0.27604065859181126,0.005957693407050983,0.0,0.0,0.20060633618492402,0.0,58.068422773255406,1.184813061724434,0.0,806.2,700.0,81.55,3,1082.0,0.0,3.554439185173302,0.0
23,2009,205.0,Scarborough North,30.43394865212225,7.0606207598562944,1968.5619806513523,932.1850713358026,0.12161325971317269,0.01722415972326602,0.04759136384584725,0.0,0.0,0.23199818204871475,0.0,53.438019348647686,0.12161325971317269,0.0,806.2,700.0,81.55,3,1082.0,0.0,0.36483977913951804,0.0
24,2009,114.0,Scarborough-Guildwood,26.114731294747127,12.94895072769501,1960.0593299304937,1138.7376217997569,6.811194851142951,0.5260036117501996,0.0,0.0,0.0,0.49584851483038767,0.0,61.94067006950627,6.811194851142951,0.0,806.2,700.0,81.55,3,1082.0,0.0,20.433584553428854,0.0
25,2009,191.0,Scarborough-Rouge Park,54.085105633175615,18.21373636862709,1971.544983776764,1334.813929163113,3.3700116411419794,0.1850258273720695,0.063542526376574,0.0,0.0,0.3367606692341347,0.0,50.45501622323604,3.3700116411419794,0.0,806.2,700.0,81.55,3,1082.0,0.0,10.110034923425939,0.0
1,2010,59.0,Etobicoke North,48.352264069050925,20.405628211024492,1961.3790425660125,1164.4798715377021,6.567430580128026,0.3218440771443566,0.0731295405732733,0.0,0.0,0.42202011847642984,0.0,60.62095743398754,6.567430580128026,0.0,709.2,666.8,40.25,2,951.0,0.0,13.134861160256053,0.0
2,2010,118.0,Etobicoke Centre,37.33975371405406,16.937263171496145,1959.7088571496665,1015.0818552976485,9.093376679460915,0.5368858349419893,0.40696475310855784,0.0,0.0,0.4535986846940889,0.0,62.29114285033347,9.093376679460915,0.0,709.2,666.8,40.25,2,951.0,0.0,18.18675335892183,0.0
3,2010,90.0,Etobicoke-Lakeshore,40.01243087301818,33.780595124299666,1959.0919417937848,1153.171061684548,18.07278302555975,0.5350048736281532,0.427534706278702,0.0,0.0,0.8442525082143693,0.0,62.90805820621517,18.07278302555975,0.0,709.2,666.8,40.25,2,951.0,0.0,36.1455660511195,0.0
4,2010,137.0,Parkdale-High Park,15.324932601393188,3.438984851369927,1936.8595411140805,1369.1669076787987,2.0810067123721794,0.6051223841661314,0.006721574685622888,12.647507939584449,0.31213822379371625,0.2244045661288774,0.8252896289041209,85.14045888591954,2.0810067123721794,0.4994012278700435,709.2,666.8,40.25,2,951.0,1.6505792578082419,4.162013424744359,0.6242764475874325
5,2010,274.0,York South-Weston,24.97356667631694,26.766267692661632,1950.6137670197415,1467.640926805777,20.524105733566138,0.7667899749501917,0.08629647890927655,23.993165641934795,7.013153628509131,1.0717839401788274,0.9607424503240106,71.38623298025846,20.524105733566138,0.736687679417534,709.2,666.8,40.25,2,951.0,1.9214849006480212,41.048211467132276,14.026307257018262
6,2010,324.0,York Centre,35.35267319601433,20.39218380119885,1966.3502179447437,1235.4359430961936,9.053615094968425,0.4439747691189487,0.28088650304913293,33.8970993777612,8.83928775031618,0.5768215514604387,0.9588270507810642,55.64978205525631,9.053615094968425,0.4256950184955255,709.2,666.8,40.25,2,951.0,1.9176541015621285,18.10723018993685,17.67857550063236
7,2010,165.0,Humber River-Black Creek,30.69420658597782,8.519778123046532,1959.5866677738884,1003.7238508209028,4.853968680842798,0.5697294707373317,0.2658610382415345,0.0,0.0,0.27756958301501305,0.0,62.413332226111606,4.853968680842798,0.0,709.2,666.8,40.25,2,951.0,0.0,9.707937361685596,0.0
8,2010,51.0,Eglinton-Lawrence,22.657719856983817,20.56681964535326,1951.620484291812,1656.0547848675828,13.626838088875415,0.6625641846358185,0.04981866167784881,49.563341067097156,19.654190136239787,0.9077179775887256,2.1874814138378618,70.37951570818791,13.626838088875415,1.4493468393654902,709.2,666.8,40.25,2,951.0,4.3749628276757235,27.25367617775083,39.308380272479575
9,2010,177.0,Davenport,12.092764199613006,2.4774486910009004,1958.634013264649,1852.9897186513444,0.7965447311883609,0.32151815457641353,0.0,22.779630881086767,4.07888543520061,0.20487033817133257,1.8837405993425196,63.36598673535104,0.7965447311883609,0.6056568012012741,709.2,666.8,40.25,2,951.0,3.767481198685039,1.5930894623767218,8.15777087040122
10,2010,202.0,Spadina-Fort York,18.698987381759622,14.666584750220604,1947.2361628604338,2195.4671008948226,6.837700880062713,0.4662094820649958,0.014643720295538018,15.161141481866219,6.504644955947919,0.784351818137889,0.8108001343781599,74.76383713956625,6.837700880062713,0.3780027107066709,709.2,666.8,40.25,2,951.0,1.6216002687563198,13.675401760125427,13.009289911895838
11,2010,327.0,University-Rosedale,13.594704244626001,5.634714738256236,1966.3407826269856,3646.281200108154,0.022988246617577247,0.004079753401090784,0.05122563201500643,20.752800773694148,2.480038275193153,0.4144786555752873,1.5265356568457713,55.65921737301437,0.022988246617577247,0.0062278890379028895,709.2,666.8,40.25,2,951.0,3.0530713136915426,0.04597649323515449,4.960076550386306
12,2010,198.0,Toronto-St. Paul's,13.119079184322695,7.99810887469478,1949.5318307951115,2727.6797383868216,4.0724362100101255,0.5091748904412777,0.011236179073602299,19.110091759399243,6.210414702472509,0.6096547449955576,1.45666410659643,72.46816920488845,4.0724362100101255,0.741696786885979,709.2,666.8,40.25,2,951.0,2.91332821319286,8.144872420020251,12.420829404945017
13,2010,307.0,Toronto Centre,5.861978760190288,13.451075980318636,1943.92133419495,2557.076052524731,5.597445399401714,0.41613365411003495,0.01613878249527002,18.62655068739639,7.897617470483735,2.294630623991206,3.177519306943334,78.07866580504992,5.597445399401714,1.3222727202035154,709.2,666.8,40.25,2,951.0,6.355038613886668,11.194890798803428,15.79523494096747
14,2010,167.0,Toronto-Danforth,21.798055615035086,23.589900903412374,1947.1588684438966,2868.454104266577,11.17001854690989,0.4735084980918297,0.006614523328547946,24.091682221342307,6.592037691748661,1.0822020697635697,1.1052216145703015,74.84113155610339,11.17001854690989,0.5233318267738106,709.2,666.8,40.25,2,951.0,2.210443229140603,22.34003709381978,13.184075383497323
15,2010,282.0,Don Valley West,30.29144696302436,29.26589381381763,1946.766889130305,1968.9721483159524,24.795875894849836,0.8472618691434834,0.23243206828997962,28.387162823286722,9.836011594357993,0.9661438045380076,0.9371345930730174,75.23311086969511,24.795875894849836,0.7939984069660625,709.2,666.8,40.25,2,951.0,1.8742691861460348,49.59175178969967,19.672023188715986
16,2010,264.0,Don Valley East,22.961197918113417,13.878017333710863,1958.3321017754122,1235.0184943198562,11.944627209662139,0.860686863436007,0.1738105748566399,24.213762537486556,7.582434340982408,0.6044117290049097,1.0545513619907882,63.667898224587816,11.944627209662139,0.9076385040840207,709.2,666.8,40.25,2,951.0,2.1091027239815765,23.889254419324278,15.164868681964816
17,2010,268.0,Don Valley North,24.416753467633473,12.97606063006196,1961.6187924323604,1032.1304208420622,6.132698743234943,0.4726163754989838,0.42184089960364424,0.0,0.0,0.531440866913894,0.0,60.38120756763965,6.132698743234943,0.0,709.2,666.8,40.25,2,951.0,0.0,12.265397486469887,0.0
18,2010,188.0,Willowdale,19.75882362539992,3.193125226900896,1960.4788516251642,1054.2434135288302,1.9030665605984192,0.5959887024053391,0.3467135321791051,0.0,0.0,0.16160502707236787,0.0,61.521148374835775,1.9030665605984192,0.0,709.2,666.8,40.25,2,951.0,0.0,3.8061331211968383,0.0
19,2010,173.0,Beaches-East York,16.801757122746206,12.414174737657323,1955.0982134947078,1461.3331846947906,12.038084118354147,0.9697047425824983,0.06772092897197021,29.702015952108624,3.101404775244502,0.738861694462362,1.767792245484733,66.9017865052922,12.038084118354147,1.7142365243471096,709.2,666.8,40.25,2,951.0,3.535584490969466,24.076168236708295,6.202809550489004
20,2010,151.0,Scarborough Southwest,28.187889894639056,11.769449017298337,1963.224156456754,1005.5208687840502,3.771409344470814,0.3204406033729977,0.13955049024410776,29.832969216314297,13.809039659137724,0.4175356531223262,1.0583612085836944,58.77584354324608,3.771409344470814,0.3391419042651341,709.2,666.8,40.25,2,951.0,2.116722417167389,7.542818688941628,27.61807931827545
21,2010,210.0,Scarborough Centre,28.201836526408336,13.669029535083613,1960.4264511138674,858.1402389160564,9.225720065623907,0.6749359961469623,0.22327893176298094,8.217578284761395,1.4819534377500225,0.4846857942135743,0.2913845088445362,61.573548886132585,9.225720065623907,0.1966658937387804,709.2,666.8,40.25,2,951.0,0.5827690176890724,18.451440131247814,2.963906875500045
22,2010,197.0,Scarborough-Agincourt,21.39597748752067,4.292168652866637,1963.9315772267446,1033.6411457718898,1.184813061724434,0.27604065859181126,0.005957693407050983,0.0,0.0,0.20060633618492402,0.0,58.068422773255406,1.184813061724434,0.0,709.2,666.8,40.25,2,951.0,0.0,2.369626123448868,0.0
23,2010,197.0,Scarborough North,30.43394865212225,7.0606207598562944,1968.5619806513523,932.1850713358026,0.12161325971317269,0.01722415972326602,0.04759136384584725,0.0,0.0,0.23199818204871475,0.0,53.438019348647686,0.12161325971317269,0.0,709.2,666.8,40.25,2,951.0,0.0,0.24322651942634538,0.0
24,2010,104.0,Scarborough-Guildwood,26.114731294747127,12.94895072769501,1960.0593299304937,1138.7376217997569,6.811194851142951,0.5260036117501996,0.0,0.0,0.0,0.49584851483038767,0.0,61.94067006950627,6.811194851142951,0.0,709.2,666.8,40.25,2,951.0,0.0,13.622389702285902,0.0
25,2010,145.0,Scarborough-Rouge Park,54.085105633175615,18.21373636862709,1971.544983776764,1334.813929163113,3.3700116411419794,0.1850258273720695,0.063542526376574,0.0,0.0,0.3367606692341347,0.0,50.45501622323604,3.3700116411419794,0.0,709.2,666.8,40.25,2,951.0,0.0,6.740023282283959,0.0
1,2011,114.0,Etobicoke North,48.352264069050925,20.405628211024492,1961.3790425660125,1164.4798715377021,6.567430580128026,0.3218440771443566,0.0731295405732733,0.0,0.0,0.42202011847642984,0.0,60.62095743398754,6.567430580128026,0.0,870.3,741.3,98.0,2,1257.0,0.0,13.134861160256053,0.0
2,2011,196.0,Etobicoke Centre,37.33975371405406,16.937263171496145,1959.7088571496665,1015.0818552976485,9.093376679460915,0.5368858349419893,0.40696475310855784,0.0,0.0,0.4535986846940889,0.0,62.29114285033347,9.093376679460915,0.0,870.3,741.3,98.0,2,1257.0,0.0,18.18675335892183,0.0
3,2011,112.0,Etobicoke-Lakeshore,40.01243087301818,33.780595124299666,1959.0919417937848,1153.171061684548,18.07278302555975,0.5350048736281532,0.427534706278702,0.0,0.0,0.8442525082143693,0.0,62.90805820621517,18.07278302555975,0.0,870.3,741.3,98.0,2,1257.0,0.0,36.1455660511195,0.0
4,2011,145.0,Parkdale-High Park,15.324932601393188,3.438984851369927,1936.8595411140805,1369.1669076787987,2.0810067123721794,0.6051223841661314,0.006721574685622888,12.647507939584449,0.31213822379371625,0.2244045661288774,0.8252896289041209,85.14045888591954,2.0810067123721794,0.4994012278700435,870.3,741.3,98.0,2,1257.0,1.6505792578082419,4.162013424744359,0.6242764475874325
5,2011,346.0,York South-Weston,24.97356667631694,26.766267692661632,1950.6137670197415,1467.640926805777,20.524105733566138,0.7667899749501917,0.08629647890927655,23.993165641934795,7.013153628509131,1.0717839401788274,0.9607424503240106,71.38623298025846,20.524105733566138,0.736687679417534,870.3,741.3,98.0,2,1257.0,1.9214849006480212,41.048211467132276,14.026307257018262
6,2011,369.0,York Centre,35.35267319601433,20.39218380119885,1966.3502179447437,1235.4359430961936,9.053615094968425,0.4439747691189487,0.28088650304913293,33.8970993777612,8.83928775031618,0.5768215514604387,0.9588270507810642,55.64978205525631,9.053615094968425,0.4256950184955255,870.3,741.3,98.0,2,1257.0,1.9176541015621285,18.10723018993685,17.67857550063236
7,2011,265.0,Humber River-Black Creek,30.69420658597782,8.519778123046532,1959.5866677738884,1003.7238508209028,4.853968680842798,0.5697294707373317,0.2658610382415345,0.0,0.0,0.27756958301501305,0.0,62.413332226111606,4.853968680842798,0.0,870.3,741.3,98.0,2,1257.0,0.0,9.707937361685596,0.0
8,2011,109.0,Eglinton-Lawrence,22.657719856983817,20.56681964535326,1951.620484291812,1656.0547848675828,13.626838088875415,0.6625641846358185,0.04981866167784881,49.563341067097156,19.654190136239787,0.9077179775887256,2.1874814138378618,70.37951570818791,13.626838088875415,1.4493468393654902,870.3,741.3,98.0,2,1257.0,4.3749628276757235,27.25367617775083,39.308380272479575
9,2011,192.0,Davenport,12.092764199613006,2.4774486910009004,1958.634013264649,1852.9897186513444,0.7965447311883609,0.32151815457641353,0.0,22.779630881086767,4.07888543520061,0.20487033817133257,1.8837405993425196,63.36598673535104,0.7965447311883609,0.6056568012012741,870.3,741.3,98.0,2,1257.0,3.767481198685039,1.5930894623767218,8.15777087040122
10,2011,298.0,Spadina-Fort York,18.698987381759622,14.666584750220604,1947.2361628604338,2195.4671008948226,6.837700880062713,0.4662094820649958,0.014643720295538018,15.161141481866219,6.504644955947919,0.784351818137889,0.8108001343781599,74.76383713956625,6.837700880062713,0.3780027107066709,870.3,741.3,98.0,2,1257.0,1.6216002687563198,13.675401760125427,13.009289911895838
11,2011,398.0,University-Rosedale,13.594704244626001,5.634714738256236,1966.3407826269856,3646.281200108154,0.022988246617577247,0.004079753401090784,0.05122563201500643,20.752800773694148,2.480038275193153,0.4144786555752873,1.5265356568457713,55.65921737301437,0.022988246617577247,0.0062278890379028895,870.3,741.3,98.0,2,1257.0,3.0530713136915426,0.04597649323515449,4.960076550386306
12,2011,213.0,Toronto-St. Paul's,13.119079184322695,7.99810887469478,1949.5318307951115,2727.6797383868216,4.0724362100101255,0.5091748904412777,0.011236179073602299,19.110091759399243,6.210414702472509,0.6096547449955576,1.45666410659643,72.46816920488845,4.0724362100101255,0.741696786885979,870.3,741.3,98.0,2,1257.0,2.91332821319286,8.144872420020251,12.420829404945017
13,2011,440.0,Toronto Centre,5.861978760190288,13.451075980318636,1943.92133419495,2557.076052524731,5.597445399401714,0.41613365411003495,0.01613878249527002,18.62655068739639,7.897617470483735,2.294630623991206,3.177519306943334,78.07866580504992,5.597445399401714,1.3222727202035154,870.3,741.3,98.0,2,1257.0,6.355038613886668,11.194890798803428,15.79523494096747
14,2011,236.0,Toronto-Danforth,21.798055615035086,23.589900903412374,1947.1588684438966,2868.454104266577,11.17001854690989,0.4735084980918297,0.006614523328547946,24.091682221342307,6.592037691748661,1.0822020697635697,1.1052216145703015,74.84113155610339,11.17001854690989,0.5233318267738106,870.3,741.3,98.0,2,1257.0,2.210443229140603,22.34003709381978,13.184075383497323
15,2011,320.0,Don Valley West,30.29144696302436,29.26589381381763,1946.766889130305,1968.9721483159524,24.795875894849836,0.8472618691434834,0.23243206828997962,28.387162823286722,9.836011594357993,0.9661438045380076,0.9371345930730174,75.23311086969511,24.795875894849836,0.7939984069660625,870.3,741.3,98.0,2,1257.0,1.8742691861460348,49.59175178969967,19.672023188715986
16,2011,348.0,Don Valley East,22.961197918113417,13.878017333710863,1958.3321017754122,1235.0184943198562,11.944627209662139,0.860686863436007,0.1738105748566399,24.213762537486556,7.582434340982408,0.6044117290049097,1.0545513619907882,63.667898224587816,11.944627209662139,0.9076385040840207,870.3,741.3,98.0,2,1257.0,2.1091027239815765,23.889254419324278,15.164868681964816
17,2011,275.0,Don Valley North,24.416753467633473,12.97606063006196,1961.6187924323604,1032.1304208420622,6.132698743234943,0.4726163754989838,0.42184089960364424,0.0,0.0,0.531440866913894,0.0,60.38120756763965,6.132698743234943,0.0,870.3,741.3,98.0,2,1257.0,0.0,12.265397486469887,0.0
18,2011,227.0,Willowdale,19.75882362539992,3.193125226900896,1960.4788516251642,1054.2434135288302,1.9030665605984192,0.5959887024053391,0.3467135321791051,0.0,0.0,0.16160502707236787,0.0,61.521148374835775,1.9030665605984192,0.0,870.3,741.3,98.0,2,1257.0,0.0,3.8061331211968383,0.0
19,2011,245.0,Beaches-East York,16.801757122746206,12.414174737657323,1955.0982134947078,1461.3331846947906,12.038084118354147,0.9697047425824983,0.06772092897197021,29.702015952108624,3.101404775244502,0.738861694462362,1.767792245484733,66.9017865052922,12.038084118354147,1.7142365243471096,870.3,741.3,98.0,2,1257.0,3.535584490969466,24.076168236708295,6.202809550489004
20,2011,193.0,Scarborough Southwest,28.187889894639056,11.769449017298337,1963.224156456754,1005.5208687840502,3.771409344470814,0.3204406033729977,0.13955049024410776,29.832969216314297,13.809039659137724,0.4175356531223262,1.0583612085836944,58.77584354324608,3.771409344470814,0.3391419042651341,870.3,741.3,98.0,2,1257.0,2.116722417167389,7.542818688941628,27.61807931827545
21,2011,253.0,Scarborough Centre,28.201836526408336,13.669029535083613,1960.4264511138674,858.1402389160564,9.225720065623907,0.6749359961469623,0.22327893176298094,8.217578284761395,1.4819534377500225,0.4846857942135743,0.2913845088445362,61.573548886132585,9.225720065623907,0.1966658937387804,870.3,741.3,98.0,2,1257.0,0.5827690176890724,18.451440131247814,2.963906875500045
22,2011,234.0,Scarborough-Agincourt,21.39597748752067,4.292168652866637,1963.9315772267446,1033.6411457718898,1.184813061724434,0.27604065859181126,0.005957693407050983,0.0,0.0,0.20060633618492402,0.0,58.068422773255406,1.184813061724434,0.0,870.3,741.3,98.0,2,1257.0,0.0,2.369626123448868,0.0
23,2011,202.0,Scarborough North,30.43394865212225,7.0606207598562944,1968.5619806513523,932.1850713358026,0.12161325971317269,0.01722415972326602,0.04759136384584725,0.0,0.0,0.23199818204871475,0.0,53.438019348647686,0.12161325971317269,0.0,870.3,741.3,98.0,2,1257.0,0.0,0.24322651942634538,0.0
24,2011,151.0,Scarborough-Guildwood,26.114731294747127,12.94895072769501,1960.0593299304937,1138.7376217997569,6.811194851142951,0.5260036117501996,0.0,0.0,0.0,0.49584851483038767,0.0,61.94067006950627,6.811194851142951,0.0,870.3,741.3,98.0,2,1257.0,0.0,13.622389702285902,0.0
25,2011,200.0,Scarborough-Rouge Park,54.085105633175615,18.21373636862709,1971.544983776764,1334.813929163113,3.3700116411419794,0.1850258273720695,0.063542526376574,0.0,0.0,0.3367606692341347,0.0,50.45501622323604,3.3700116411419794,0.0,870.3,741.3,98.0,2,1257.0,0.0,6.740023282283959,0.0
1,2012,98.0,Etobicoke North,48.352264069050925,20.405628211024492,1961.3790425660125,1164.4798715377021,6.567430580128026,0.3218440771443566,0.0731295405732733,0.0,0.0,0.42202011847642984,0.0,60.62095743398754,6.567430580128026,0.0,734.3,648.8,63.98,3,1064.0,0.0,19.70229174038408,0.0
2,2012,161.0,Etobicoke Centre,37.33975371405406,16.937263171496145,1959.7088571496665,1015.0818552976485,9.093376679460915,0.5368858349419893,0.40696475310855784,0.0,0.0,0.4535986846940889,0.0,62.29114285033347,9.093376679460915,0.0,734.3,648.8,63.98,3,1064.0,0.0,27.280130038382744,0.0
3,2012,97.0,Etobicoke-Lakeshore,40.01243087301818,33.780595124299666,1959.0919417937848,1153.171061684548,18.07278302555975,0.5350048736281532,0.427534706278702,0.0,0.0,0.8442525082143693,0.0,62.90805820621517,18.07278302555975,0.0,734.3,648.8,63.98,3,1064.0,0.0,54.21834907667925,0.0
4,2012,144.0,Parkdale-High Park,15.324932601393188,3.438984851369927,1936.8595411140805,1369.1669076787987,2.0810067123721794,0.6051223841661314,0.006721574685622888,12.647507939584449,0.31213822379371625,0.2244045661288774,0.8252896289041209,85.14045888591954,2.0810067123721794,0.4994012278700435,734.3,648.8,63.98,3,1064.0,2.475868886712363,6.243020137116538,0.9364146713811488
5,2012,357.0,York South-Weston,24.97356667631694,26.766267692661632,1950.6137670197415,1467.640926805777,20.524105733566138,0.7667899749501917,0.08629647890927655,23.993165641934795,7.013153628509131,1.0717839401788274,0.9607424503240106,71.38623298025846,20.524105733566138,0.736687679417534,734.3,648.8,63.98,3,1064.0,2.8822273509720318,61.572317200698414,21.039460885527394
6,2012,344.0,York Centre,35.35267319601433,20.39218380119885,1966.3502179447437,1235.4359430961936,9.053615094968425,0.4439747691189487,0.28088650304913293,33.8970993777612,8.83928775031618,0.5768215514604387,0.9588270507810642,55.64978205525631,9.053615094968425,0.4256950184955255,734.3,648.8,63.98,3,1064.0,2.876481152343193,27.160845284905275,26.517863250948537
7,2012,232.0,Humber River-Black Creek,30.69420658597782,8.519778123046532,1959.5866677738884,1003.7238508209028,4.853968680842798,0.5697294707373317,0.2658610382415345,0.0,0.0,0.27756958301501305,0.0,62.413332226111606,4.853968680842798,0.0,734.3,648.8,63.98,3,1064.0,0.0,14.561906042528395,0.0
8,2012,72.0,Eglinton-Lawrence,22.657719856983817,20.56681964535326,1951.620484291812,1656.0547848675828,13.626838088875415,0.6625641846358185,0.04981866167784881,49.563341067097156,19.654190136239787,0.9077179775887256,2.1874814138378618,70.37951570818791,13.626838088875415,1.4493468393654902,734.3,648.8,63.98,3,1064.0,6.562444241513585,40.88051426662624,58.96257040871936
9,2012,134.0,Davenport,12.092764199613006,2.4774486910009004,1958.634013264649,1852.9897186513444,0.7965447311883609,0.32151815457641353,0.0,22.779630881086767,4.07888543520061,0.20487033817133257,1.8837405993425196,63.36598673535104,0.7965447311883609,0.6056568012012741,734.3,648.8,63.98,3,1064.0,5.651221798027558,2.3896341935650827,12.23665630560183
10,2012,214.0,Spadina-Fort York,18.698987381759622,14.666584750220604,1947.2361628604338,2195.4671008948226,6.837700880062713,0.4662094820649958,0.014643720295538018,15.161141481866219,6.504644955947919,0.784351818137889,0.8108001343781599,74.76383713956625,6.837700880062713,0.3780027107066709,734.3,648.8,63.98,3,1064.0,2.43240040313448,20.51310264018814,19.51393486784376
11,2012,356.0,University-Rosedale,13.594704244626001,5.634714738256236,1966.3407826269856,3646.281200108154,0.022988246617577247,0.004079753401090784,0.05122563201500643,20.752800773694148,2.480038275193153,0.4144786555752873,1.5265356568457713,55.65921737301437,0.022988246617577247,0.0062278890379028895,734.3,648.8,63.98,3,1064.0,4.579606970537314,0.06896473985273174,7.440114825579459
12,2012,234.0,Toronto-St. Paul's,13.119079184322695,7.99810887469478,1949.5318307951115,2727.6797383868216,4.0724362100101255,0.5091748904412777,0.011236179073602299,19.110091759399243,6.210414702472509,0.6096547449955576,1.45666410659643,72.46816920488845,4.0724362100101255,0.741696786885979,734.3,648.8,63.98,3,1064.0,4.36999231978929,12.217308630030377,18.631244107417526
13,2012,362.0,Toronto Centre,5.861978760190288,13.451075980318636,1943.92133419495,2557.076052524731,5.597445399401714,0.41613365411003495,0.01613878249527002,18.62655068739639,7.897617470483735,2.294630623991206,3.177519306943334,78.07866580504992,5.597445399401714,1.3222727202035154,734.3,648.8,63.98,3,1064.0,9.532557920830001,16.792336198205142,23.692852411451206
14,2012,196.0,Toronto-Danforth,21.798055615035086,23.589900903412374,1947.1588684438966,2868.454104266577,11.17001854690989,0.4735084980918297,0.006614523328547946,24.091682221342307,6.592037691748661,1.0822020697635697,1.1052216145703015,74.84113155610339,11.17001854690989,0.5233318267738106,734.3,648.8,63.98,3,1064.0,3.3156648437109046,33.510055640729675,19.776113075245984
15,2012,290.0,Don Valley West,30.29144696302436,29.26589381381763,1946.766889130305,1968.9721483159524,24.795875894849836,0.8472618691434834,0.23243206828997962,28.387162823286722,9.836011594357993,0.9661438045380076,0.9371345930730174,75.23311086969511,24.795875894849836,0.7939984069660625,734.3,648.8,63.98,3,1064.0,2.8114037792190523,74.3876276845495,29.50803478307398
16,2012,251.0,Don Valley East,22.961197918113417,13.878017333710863,1958.3321017754122,1235.0184943198562,11.944627209662139,0.860686863436007,0.1738105748566399,24.213762537486556,7.582434340982408,0.6044117290049097,1.0545513619907882,63.667898224587816,11.944627209662139,0.9076385040840207,734.3,648.8,63.98,3,1064.0,3.1636540859723645,35.83388162898642,22.74730302294722
17,2012,284.0,Don Valley North,24.416753467633473,12.97606063006196,1961.6187924323604,1032.1304208420622,6.132698743234943,0.4726163754989838,0.42184089960364424,0.0,0.0,0.531440866913894,0.0,60.38120756763965,6.132698743234943,0.0,734.3,648.8,63.98,3,1064.0,0.0,18.39809622970483,0.0
18,2012,180.0,Willowdale,19.75882362539992,3.193125226900896,1960.4788516251642,1054.2434135288302,1.9030665605984192,0.5959887024053391,0.3467135321791051,0.0,0.0,0.16160502707236787,0.0,61.521148374835775,1.9030665605984192,0.0,734.3,648.8,63.98,3,1064.0,0.0,5.7091996817952575,0.0
19,2012,188.0,Beaches-East York,16.801757122746206,12.414174737657323,1955.0982134947078,1461.3331846947906,12.038084118354147,0.9697047425824983,0.06772092897197021,29.702015952108624,3.101404775244502,0.738861694462362,1.767792245484733,66.9017865052922,12.038084118354147,1.7142365243471096,734.3,648.8,63.98,3,1064.0,5.303376736454199,36.11425235506244,9.304214325733506
20,2012,172.0,Scarborough Southwest,28.187889894639056,11.769449017298337,1963.224156456754,1005.5208687840502,3.771409344470814,0.3204406033729977,0.13955049024410776,29.832969216314297,13.809039659137724,0.4175356531223262,1.0583612085836944,58.77584354324608,3.771409344470814,0.3391419042651341,734.3,648.8,63.98,3,1064.0,3.1750836257510833,11.31422803341244,41.42711897741317
21,2012,167.0,Scarborough Centre,28.201836526408336,13.669029535083613,1960.4264511138674,858.1402389160564,9.225720065623907,0.6749359961469623,0.22327893176298094,8.217578284761395,1.4819534377500225,0.4846857942135743,0.2913845088445362,61.573548886132585,9.225720065623907,0.1966658937387804,734.3,648.8,63.98,3,1064.0,0.8741535265336087,27.67716019687172,4.445860313250067
22,2012,199.0,Scarborough-Agincourt,21.39597748752067,4.292168652866637,1963.9315772267446,1033.6411457718898,1.184813061724434,0.27604065859181126,0.005957693407050983,0.0,0.0,0.20060633618492402,0.0,58.068422773255406,1.184813061724434,0.0,734.3,648.8,63.98,3,1064.0,0.0,3.554439185173302,0.0
23,2012,193.0,Scarborough North,30.43394865212225,7.0606207598562944,1968.5619806513523,932.1850713358026,0.12161325971317269,0.01722415972326602,0.04759136384584725,0.0,0.0,0.23199818204871475,0.0,53.438019348647686,0.12161325971317269,0.0,734.3,648.8,63.98,3,1064.0,0.0,0.36483977913951804,0.0
24,2012,161.0,Scarborough-Guildwood,26.114731294747127,12.94895072769501,1960.0593299304937,1138.7376217997569,6.811194851142951,0.5260036117501996,0.0,0.0,0.0,0.49584851483038767,0.0,61.94067006950627,6.811194851142951,0.0,734.3,648.8,63.98,3,1064.0,0.0,20.433584553428854,0.0
25,2012,168.0,Scarborough-Rouge Park,54.085105633175615,18.21373636862709,1971.544983776764,1334.813929163113,3.3700116411419794,0.1850258273720695,0.063542526376574,0.0,0.0,0.3367606692341347,0.0,50.45501622323604,3.3700116411419794,0.0,734.3,648.8,63.98,3,1064.0,0.0,10.110034923425939,0.0
1,2013,243.0,Etobicoke North,48.352264069050925,20.405628211024492,1961.3790425660125,1164.4798715377021,6.567430580128026,0.3218440771443566,0.0731295405732733,0.0,0.0,0.42202011847642984,0.0,60.62095743398754,6.567430580128026,0.0,872.0,733.4,106.26,7,1176.0,0.0,45.972014060896186,0.0
2,2013,622.0,Etobicoke Centre,37.33975371405406,16.937263171496145,1959.7088571496665,1015.0818552976485,9.093376679460915,0.5368858349419893,0.40696475310855784,0.0,0.0,0.4535986846940889,0.0,62.29114285033347,9.093376679460915,0.0,872.0,733.4,106.26,7,1176.0,0.0,63.653636756226405,0.0
3,2013,802.0,Etobicoke-Lakeshore,40.01243087301818,33.780595124299666,1959.0919417937848,1153.171061684548,18.07278302555975,0.5350048736281532,0.427534706278702,0.0,0.0,0.8442525082143693,0.0,62.90805820621517,18.07278302555975,0.0,872.0,733.4,106.26,7,1176.0,0.0,126.50948117891826,0.0
4,2013,675.0,Parkdale-High Park,15.324932601393188,3.438984851369927,1936.8595411140805,1369.1669076787987,2.0810067123721794,0.6051223841661314,0.006721574685622888,12.647507939584449,0.31213822379371625,0.2244045661288774,0.8252896289041209,85.14045888591954,2.0810067123721794,0.4994012278700435,872.0,733.4,106.26,7,1176.0,5.777027402328846,14.567046986605256,2.184967566556014
5,2013,666.0,York South-Weston,24.97356667631694,26.766267692661632,1950.6137670197415,1467.640926805777,20.524105733566138,0.7667899749501917,0.08629647890927655,23.993165641934795,7.013153628509131,1.0717839401788274,0.9607424503240106,71.38623298025846,20.524105733566138,0.736687679417534,872.0,733.4,106.26,7,1176.0,6.725197152268074,143.66874013496297,49.09207539956392
6,2013,475.0,York Centre,35.35267319601433,20.39218380119885,1966.3502179447437,1235.4359430961936,9.053615094968425,0.4439747691189487,0.28088650304913293,33.8970993777612,8.83928775031618,0.5768215514604387,0.9588270507810642,55.64978205525631,9.053615094968425,0.4256950184955255,872.0,733.4,106.26,7,1176.0,6.71178935546745,63.37530566477898,61.875014252213255
7,2013,383.0,Humber River-Black Creek,30.69420658597782,8.519778123046532,1959.5866677738884,1003.7238508209028,4.853968680842798,0.5697294707373317,0.2658610382415345,0.0,0.0,0.27756958301501305,0.0,62.413332226111606,4.853968680842798,0.0,872.0,733.4,106.26,7,1176.0,0.0,33.97778076589959,0.0
8,2013,197.0,Eglinton-Lawrence,22.657719856983817,20.56681964535326,1951.620484291812,1656.0547848675828,13.626838088875415,0.6625641846358185,0.04981866167784881,49.563341067097156,19.654190136239787,0.9077179775887256,2.1874814138378618,70.37951570818791,13.626838088875415,1.4493468393654902,872.0,733.4,106.26,7,1176.0,15.312369896865032,95.3878666221279,137.57933095367852
9,2013,464.0,Davenport,12.092764199613006,2.4774486910009004,1958.634013264649,1852.9897186513444,0.7965447311883609,0.32151815457641353,0.0,22.779630881086767,4.07888543520061,0.20487033817133257,1.8837405993425196,63.36598673535104,0.7965447311883609,0.6056568012012741,872.0,733.4,106.26,7,1176.0,13.186184195397637,5.575813118318527,28.55219804640427
10,2013,352.0,Spadina-Fort York,18.698987381759622,14.666584750220604,1947.2361628604338,2195.4671008948226,6.837700880062713,0.4662094820649958,0.014643720295538018,15.161141481866219,6.504644955947919,0.784351818137889,0.8108001343781599,74.76383713956625,6.837700880062713,0.3780027107066709,872.0,733.4,106.26,7,1176.0,5.6756009406471195,47.863906160438994,45.532514691635434
11,2013,829.0,University-Rosedale,13.594704244626001,5.634714738256236,1966.3407826269856,3646.281200108154,0.022988246617577247,0.004079753401090784,0.05122563201500643,20.752800773694148,2.480038275193153,0.4144786555752873,1.5265356568457713,55.65921737301437,0.022988246617577247,0.0062278890379028895,872.0,733.4,106.26,7,1176.0,10.685749597920399,0.16091772632304072,17.360267926352073
12,2013,498.0,Toronto-St. Paul's,13.119079184322695,7.99810887469478,1949.5318307951115,2727.6797383868216,4.0724362100101255,0.5091748904412777,0.011236179073602299,19.110091759399243,6.210414702472509,0.6096547449955576,1.45666410659643,72.46816920488845,4.0724362100101255,0.741696786885979,872.0,733.4,106.26,7,1176.0,10.196648746175011,28.50705347007088,43.472902917307565
13,2013,380.0,Toronto Centre,5.861978760190288,13.451075980318636,1943.92133419495,2557.076052524731,5.597445399401714,0.41613365411003495,0.01613878249527002,18.62655068739639,7.897617470483735,2.294630623991206,3.177519306943334,78.07866580504992,5.597445399401714,1.3222727202035154,872.0,733.4,106.26,7,1176.0,22.242635148603338,39.182117795812,55.28332229338614
14,2013,198.0,Toronto-Danforth,21.798055615035086,23.589900903412374,1947.1588684438966,2868.454104266577,11.17001854690989,0.4735084980918297,0.006614523328547946,24.091682221342307,6.592037691748661,1.0822020697635697,1.1052216145703015,74.84113155610339,11.17001854690989,0.5233318267738106,872.0,733.4,106.26,7,1176.0,7.736551301992111,78.19012982836924,46.14426384224063
15,2013,621.0,Don Valley West,30.29144696302436,29.26589381381763,1946.766889130305,1968.9721483159524,24.795875894849836,0.8472618691434834,0.23243206828997962,28.387162823286722,9.836011594357993,0.9661438045380076,0.9371345930730174,75.23311086969511,24.795875894849836,0.7939984069660625,872.0,733.4,106.26,7,1176.0,6.559942151511121,173.57113126394884,68.85208116050595
16,2013,446.0,Don Valley East,22.961197918113417,13.878017333710863,1958.3321017754122,1235.0184943198562,11.944627209662139,0.860686863436007,0.1738105748566399,24.213762537486556,7.582434340982408,0.6044117290049097,1.0545513619907882,63.667898224587816,11.944627209662139,0.9076385040840207,872.0,733.4,106.26,7,1176.0,7.3818595339355175,83.61239046763497,53.07704038687685
17,2013,469.0,Don Valley North,24.416753467633473,12.97606063006196,1961.6187924323604,1032.1304208420622,6.132698743234943,0.4726163754989838,0.42184089960364424,0.0,0.0,0.531440866913894,0.0,60.38120756763965,6.132698743234943,0.0,872.0,733.4,106.26,7,1176.0,0.0,42.92889120264461,0.0
18,2013,229.0,Willowdale,19.75882362539992,3.193125226900896,1960.4788516251642,1054.2434135288302,1.9030665605984192,0.5959887024053391,0.3467135321791051,0.0,0.0,0.16160502707236787,0.0,61.521148374835775,1.9030665605984192,0.0,872.0,733.4,106.26,7,1176.0,0.0,13.321465924188935,0.0
19,2013,365.0,Beaches-East York,16.801757122746206,12.414174737657323,1955.0982134947078,1461.3331846947906,12.038084118354147,0.9697047425824983,0.06772092897197021,29.702015952108624,3.101404775244502,0.738861694462362,1.767792245484733,66.9017865052922,12.038084118354147,1.7142365243471096,872.0,733.4,106.26,7,1176.0,12.374545718393131,84.26658882847903,21.709833426711512
20,2013,210.0,Scarborough Southwest,28.187889894639056,11.769449017298337,1963.224156456754,1005.5208687840502,3.771409344470814,0.3204406033729977,0.13955049024410776,29.832969216314297,13.809039659137724,0.4175356531223262,1.0583612085836944,58.77584354324608,3.771409344470814,0.3391419042651341,872.0,733.4,106.26,7,1176.0,7.408528460085861,26.399865411295696,96.66327761396407
21,2013,366.0,Scarborough Centre,28.201836526408336,13.669029535083613,1960.4264511138674,858.1402389160564,9.225720065623907,0.6749359961469623,0.22327893176298094,8.217578284761395,1.4819534377500225,0.4846857942135743,0.2913845088445362,61.573548886132585,9.225720065623907,0.1966658937387804,872.0,733.4,106.26,7,1176.0,2.0396915619117535,64.58004045936735,10.373674064250158
22,2013,222.0,Scarborough-Agincourt,21.39597748752067,4.292168652866637,1963.9315772267446,1033.6411457718898,1.184813061724434,0.27604065859181126,0.005957693407050983,0.0,0.0,0.20060633618492402,0.0,58.068422773255406,1.184813061724434,0.0,872.0,733.4,106.26,7,1176.0,0.0,8.293691432071038,0.0
23,2013,271.0,Scarborough North,30.43394865212225,7.0606207598562944,1968.5619806513523,932.1850713358026,0.12161325971317269,0.01722415972326602,0.04759136384584725,0.0,0.0,0.23199818204871475,0.0,53.438019348647686,0.12161325971317269,0.0,872.0,733.4,106.26,7,1176.0,0.0,0.8512928179922088,0.0
24,2013,132.0,Scarborough-Guildwood,26.114731294747127,12.94895072769501,1960.0593299304937,1138.7376217997569,6.811194851142951,0.5260036117501996,0.0,0.0,0.0,0.49584851483038767,0.0,61.94067006950627,6.811194851142951,0.0,872.0,733.4,106.26,7,1176.0,0.0,47.67836395800066,0.0
25,2013,261.0,Scarborough-Rouge Park,54.085105633175615,18.21373636862709,1971.544983776764,1334.813929163113,3.3700116411419794,0.1850258273720695,0.063542526376574,0.0,0.0,0.3367606692341347,0.0,50.45501622323604,3.3700116411419794,0.0,872.0,733.4,106.26,7,1176.0,0.0,23.590081487993857,0.0
1,2014,120.0,Etobicoke North,48.352264069050925,20.405628211024492,1961.3790425660125,1164.4798715377021,6.567430580128026,0.3218440771443566,0.0731295405732733,0.0,0.0,0.42202011847642984,0.0,60.62095743398754,6.567430580128026,0.0,788.9,654.3,103.11,2,1171.0,0.0,13.134861160256053,0.0
2,2014,213.0,Etobicoke Centre,37.33975371405406,16.937263171496145,1959.7088571496665,1015.0818552976485,9.093376679460915,0.5368858349419893,0.40696475310855784,0.0,0.0,0.4535986846940889,0.0,62.29114285033347,9.093376679460915,0.0,788.9,654.3,103.11,2,1171.0,0.0,18.18675335892183,0.0
3,2014,113.0,Etobicoke-Lakeshore,40.01243087301818,33.780595124299666,1959.0919417937848,1153.171061684548,18.07278302555975,0.5350048736281532,0.427534706278702,0.0,0.0,0.8442525082143693,0.0,62.90805820621517,18.07278302555975,0.0,788.9,654.3,103.11,2,1171.0,0.0,36.1455660511195,0.0
4,2014,155.0,Parkdale-High Park,15.324932601393188,3.438984851369927,1936.8595411140805,1369.1669076787987,2.0810067123721794,0.6051223841661314,0.006721574685622888,12.647507939584449,0.31213822379371625,0.2244045661288774,0.8252896289041209,85.14045888591954,2.0810067123721794,0.4994012278700435,788.9,654.3,103.11,2,1171.0,1.6505792578082419,4.162013424744359,0.6242764475874325
5,2014,297.0,York South-Weston,24.97356667631694,26.766267692661632,1950.6137670197415,1467.640926805777,20.524105733566138,0.7667899749501917,0.08629647890927655,23.993165641934795,7.013153628509131,1.0717839401788274,0.9607424503240106,71.38623298025846,20.524105733566138,0.736687679417534,788.9,654.3,103.11,2,1171.0,1.9214849006480212,41.048211467132276,14.026307257018262
6,2014,358.0,York Centre,35.35267319601433,20.39218380119885,1966.3502179447437,1235.4359430961936,9.053615094968425,0.4439747691189487,0.28088650304913293,33.8970993777612,8.83928775031618,0.5768215514604387,0.9588270507810642,55.64978205525631,9.053615094968425,0.4256950184955255,788.9,654.3,103.11,2,1171.0,1.9176541015621285,18.10723018993685,17.67857550063236
7,2014,225.0,Humber River-Black Creek,30.69420658597782,8.519778123046532,1959.5866677738884,1003.7238508209028,4.853968680842798,0.5697294707373317,0.2658610382415345,0.0,0.0,0.27756958301501305,0.0,62.413332226111606,4.853968680842798,0.0,788.9,654.3,103.11,2,1171.0,0.0,9.707937361685596,0.0
8,2014,75.0,Eglinton-Lawrence,22.657719856983817,20.56681964535326,1951.620484291812,1656.0547848675828,13.626838088875415,0.6625641846358185,0.04981866167784881,49.563341067097156,19.654190136239787,0.9077179775887256,2.1874814138378618,70.37951570818791,13.626838088875415,1.4493468393654902,788.9,654.3,103.11,2,1171.0,4.3749628276757235,27.25367617775083,39.308380272479575
9,2014,224.0,Davenport,12.092764199613006,2.4774486910009004,1958.634013264649,1852.9897186513444,0.7965447311883609,0.32151815457641353,0.0,22.779630881086767,4.07888543520061,0.20487033817133257,1.8837405993425196,63.36598673535104,0.7965447311883609,0.6056568012012741,788.9,654.3,103.11,2,1171.0,3.767481198685039,1.5930894623767218,8.15777087040122
10,2014,470.0,Spadina-Fort York,18.698987381759622,14.666584750220604,1947.2361628604338,2195.4671008948226,6.837700880062713,0.4662094820649958,0.014643720295538018,15.161141481866219,6.504644955947919,0.784351818137889,0.8108001343781599,74.76383713956625,6.837700880062713,0.3780027107066709,788.9,654.3,103.11,2,1171.0,1.6216002687563198,13.675401760125427,13.009289911895838
11,2014,394.0,University-Rosedale,13.594704244626001,5.634714738256236,1966.3407826269856,3646.281200108154,0.022988246617577247,0.004079753401090784,0.05122563201500643,20.752800773694148,2.480038275193153,0.4144786555752873,1.5265356568457713,55.65921737301437,0.022988246617577247,0.0062278890379028895,788.9,654.3,103.11,2,1171.0,3.0530713136915426,0.04597649323515449,4.960076550386306
12,2014,295.0,Toronto-St. Paul's,13.119079184322695,7.99810887469478,1949.5318307951115,2727.6797383868216,4.0724362100101255,0.5091748904412777,0.011236179073602299,19.110091759399243,6.210414702472509,0.6096547449955576,1.45666410659643,72.46816920488845,4.0724362100101255,0.741696786885979,788.9,654.3,103.11,2,1171.0,2.91332821319286,8.144872420020251,12.420829404945017
13,2014,386.0,Toronto Centre,5.861978760190288,13.451075980318636,1943.92133419495,2557.076052524731,5.597445399401714,0.41613365411003495,0.01613878249527002,18.62655068739639,7.897617470483735,2.294630623991206,3.177519306943334,78.07866580504992,5.597445399401714,1.3222727202035154,788.9,654.3,103.11,2,1171.0,6.355038613886668,11.194890798803428,15.79523494096747
14,2014,151.0,Toronto-Danforth,21.798055615035086,23.589900903412374,1947.1588684438966,2868.454104266577,11.17001854690989,0.4735084980918297,0.006614523328547946,24.091682221342307,6.592037691748661,1.0822020697635697,1.1052216145703015,74.84113155610339,11.17001854690989,0.5233318267738106,788.9,654.3,103.11,2,1171.0,2.210443229140603,22.34003709381978,13.184075383497323
15,2014,361.0,Don Valley West,30.29144696302436,29.26589381381763,1946.766889130305,1968.9721483159524,24.795875894849836,0.8472618691434834,0.23243206828997962,28.387162823286722,9.836011594357993,0.9661438045380076,0.9371345930730174,75.23311086969511,24.795875894849836,0.7939984069660625,788.9,654.3,103.11,2,1171.0,1.8742691861460348,49.59175178969967,19.672023188715986
16,2014,289.0,Don Valley East,22.961197918113417,13.878017333710863,1958.3321017754122,1235.0184943198562,11.944627209662139,0.860686863436007,0.1738105748566399,24.213762537486556,7.582434340982408,0.6044117290049097,1.0545513619907882,63.667898224587816,11.944627209662139,0.9076385040840207,788.9,654.3,103.11,2,1171.0,2.1091027239815765,23.889254419324278,15.164868681964816
17,2014,308.0,Don Valley North,24.416753467633473,12.97606063006196,1961.6187924323604,1032.1304208420622,6.132698743234943,0.4726163754989838,0.42184089960364424,0.0,0.0,0.531440866913894,0.0,60.38120756763965,6.132698743234943,0.0,788.9,654.3,103.11,2,1171.0,0.0,12.265397486469887,0.0
18,2014,149.0,Willowdale,19.75882362539992,3.193125226900896,1960.4788516251642,1054.2434135288302,1.9030665605984192,0.5959887024053391,0.3467135321791051,0.0,0.0,0.16160502707236787,0.0,61.521148374835775,1.9030665605984192,0.0,788.9,654.3,103.11,2,1171.0,0.0,3.8061331211968383,0.0
19,2014,184.0,Beaches-East York,16.801757122746206,12.414174737657323,1955.0982134947078,1461.3331846947906,12.038084118354147,0.9697047425824983,0.06772092897197021,29.702015952108624,3.101404775244502,0.738861694462362,1.767792245484733,66.9017865052922,12.038084118354147,1.7142365243471096,788.9,654.3,103.11,2,1171.0,3.535584490969466,24.076168236708295,6.202809550489004
20,2014,149.0,Scarborough Southwest,28.187889894639056,11.769449017298337,1963.224156456754,1005.5208687840502,3.771409344470814,0.3204406033729977,0.13955049024410776,29.832969216314297,13.809039659137724,0.4175356531223262,1.0583612085836944,58.77584354324608,3.771409344470814,0.3391419042651341,788.9,654.3,103.11,2,1171.0,2.116722417167389,7.542818688941628,27.61807931827545
21,2014,208.0,Scarborough Centre,28.201836526408336,13.669029535083613,1960.4264511138674,858.1402389160564,9.225720065623907,0.6749359961469623,0.22327893176298094,8.217578284761395,1.4819534377500225,0.4846857942135743,0.2913845088445362,61.573548886132585,9.225720065623907,0.1966658937387804,788.9,654.3,103.11,2,1171.0,0.5827690176890724,18.451440131247814,2.963906875500045
22,2014,189.0,Scarborough-Agincourt,21.39597748752067,4.292168652866637,1963.9315772267446,1033.6411457718898,1.184813061724434,0.27604065859181126,0.005957693407050983,0.0,0.0,0.20060633618492402,0.0,58.068422773255406,1.184813061724434,0.0,788.9,654.3,103.11,2,1171.0,0.0,2.369626123448868,0.0
23,2014,258.0,Scarborough North,30.43394865212225,7.0606207598562944,1968.5619806513523,932.1850713358026,0.12161325971317269,0.01722415972326602,0.04759136384584725,0.0,0.0,0.23199818204871475,0.0,53.438019348647686,0.12161325971317269,0.0,788.9,654.3,103.11,2,1171.0,0.0,0.24322651942634538,0.0
24,2014,133.0,Scarborough-Guildwood,26.114731294747127,12.94895072769501,1960.0593299304937,1138.7376217997569,6.811194851142951,0.5260036117501996,0.0,0.0,0.0,0.49584851483038767,0.0,61.94067006950627,6.811194851142951,0.0,788.9,654.3,103.11,2,1171.0,0.0,13.622389702285902,0.0
25,2014,168.0,Scarborough-Rouge Park,54.085105633175615,18.21373636862709,1971.544983776764,1334.813929163113,3.3700116411419794,0.1850258273720695,0.063542526376574,0.0,0.0,0.3367606692341347,0.0,50.45501622323604,3.3700116411419794,0.0,788.9,654.3,103.11,2,1171.0,0.0,6.740023282283959,0.0
1,2015,117.0,Etobicoke North,48.352264069050925,20.405628211024492,1961.3790425660125,1164.4798715377021,6.567430580128026,0.3218440771443566,0.0731295405732733,0.0,0.0,0.42202011847642984,0.0,60.62095743398754,6.567430580128026,0.0,727.0,645.8,62.16,3,953.0,0.0,19.70229174038408,0.0
2,2015,188.0,Etobicoke Centre,37.33975371405406,16.937263171496145,1959.7088571496665,1015.0818552976485,9.093376679460915,0.5368858349419893,0.40696475310855784,0.0,0.0,0.4535986846940889,0.0,62.29114285033347,9.093376679460915,0.0,727.0,645.8,62.16,3,953.0,0.0,27.280130038382744,0.0
3,2015,132.0,Etobicoke-Lakeshore,40.01243087301818,33.780595124299666,1959.0919417937848,1153.171061684548,18.07278302555975,0.5350048736281532,0.427534706278702,0.0,0.0,0.8442525082143693,0.0,62.90805820621517,18.07278302555975,0.0,727.0,645.8,62.16,3,953.0,0.0,54.21834907667925,0.0
4,2015,130.0,Parkdale-High Park,15.324932601393188,3.438984851369927,1936.8595411140805,1369.1669076787987,2.0810067123721794,0.6051223841661314,0.006721574685622888,12.647507939584449,0.31213822379371625,0.2244045661288774,0.8252896289041209,85.14045888591954,2.0810067123721794,0.4994012278700435,727.0,645.8,62.16,3,953.0,2.475868886712363,6.243020137116538,0.9364146713811488
5,2015,304.0,York South-Weston,24.97356667631694,26.766267692661632,1950.6137670197415,1467.640926805777,20.524105733566138,0.7667899749501917,0.08629647890927655,23.993165641934795,7.013153628509131,1.0717839401788274,0.9607424503240106,71.38623298025846,20.524105733566138,0.736687679417534,727.0,645.8,62.16,3,953.0,2.8822273509720318,61.572317200698414,21.039460885527394
6,2015,400.0,York Centre,35.35267319601433,20.39218380119885,1966.3502179447437,1235.4359430961936,9.053615094968425,0.4439747691189487,0.28088650304913293,33.8970993777612,8.83928775031618,0.5768215514604387,0.9588270507810642,55.64978205525631,9.053615094968425,0.4256950184955255,727.0,645.8,62.16,3,953.0,2.876481152343193,27.160845284905275,26.517863250948537
7,2015,172.0,Humber River-Black Creek,30.69420658597782,8.519778123046532,1959.5866677738884,1003.7238508209028,4.853968680842798,0.5697294707373317,0.2658610382415345,0.0,0.0,0.27756958301501305,0.0,62.413332226111606,4.853968680842798,0.0,727.0,645.8,62.16,3,953.0,0.0,14.561906042528395,0.0
8,2015,53.0,Eglinton-Lawrence,22.657719856983817,20.56681964535326,1951.620484291812,1656.0547848675828,13.626838088875415,0.6625641846358185,0.04981866167784881,49.563341067097156,19.654190136239787,0.9077179775887256,2.1874814138378618,70.37951570818791,13.626838088875415,1.4493468393654902,727.0,645.8,62.16,3,953.0,6.562444241513585,40.88051426662624,58.96257040871936
9,2015,142.0,Davenport,12.092764199613006,2.4774486910009004,1958.634013264649,1852.9897186513444,0.7965447311883609,0.32151815457641353,0.0,22.779630881086767,4.07888543520061,0.20487033817133257,1.8837405993425196,63.36598673535104,0.7965447311883609,0.6056568012012741,727.0,645.8,62.16,3,953.0,5.651221798027558,2.3896341935650827,12.23665630560183
10,2015,182.0,Spadina-Fort York,18.698987381759622,14.666584750220604,1947.2361628604338,2195.4671008948226,6.837700880062713,0.4662094820649958,0.014643720295538018,15.161141481866219,6.504644955947919,0.784351818137889,0.8108001343781599,74.76383713956625,6.837700880062713,0.3780027107066709,727.0,645.8,62.16,3,953.0,2.43240040313448,20.51310264018814,19.51393486784376
11,2015,333.0,University-Rosedale,13.594704244626001,5.634714738256236,1966.3407826269856,3646.281200108154,0.022988246617577247,0.004079753401090784,0.05122563201500643,20.752800773694148,2.480038275193153,0.4144786555752873,1.5265356568457713,55.65921737301437,0.022988246617577247,0.0062278890379028895,727.0,645.8,62.16,3,953.0,4.579606970537314,0.06896473985273174,7.440114825579459
12,2015,265.0,Toronto-St. Paul's,13.119079184322695,7.99810887469478,1949.5318307951115,2727.6797383868216,4.0724362100101255,0.5091748904412777,0.011236179073602299,19.110091759399243,6.210414702472509,0.6096547449955576,1.45666410659643,72.46816920488845,4.0724362100101255,0.741696786885979,727.0,645.8,62.16,3,953.0,4.36999231978929,12.217308630030377,18.631244107417526
13,2015,362.0,Toronto Centre,5.861978760190288,13.451075980318636,1943.92133419495,2557.076052524731,5.597445399401714,0.41613365411003495,0.01613878249527002,18.62655068739639,7.897617470483735,2.294630623991206,3.177519306943334,78.07866580504992,5.597445399401714,1.3222727202035154,727.0,645.8,62.16,3,953.0,9.532557920830001,16.792336198205142,23.692852411451206
14,2015,119.0,Toronto-Danforth,21.798055615035086,23.589900903412374,1947.1588684438966,2868.454104266577,11.17001854690989,0.4735084980918297,0.006614523328547946,24.091682221342307,6.592037691748661,1.0822020697635697,1.1052216145703015,74.84113155610339,11.17001854690989,0.5233318267738106,727.0,645.8,62.16,3,953.0,3.3156648437109046,33.510055640729675,19.776113075245984
15,2015,298.0,Don Valley West,30.29144696302436,29.26589381381763,1946.766889130305,1968.9721483159524,24.795875894849836,0.8472618691434834,0.23243206828997962,28.387162823286722,9.836011594357993,0.9661438045380076,0.9371345930730174,75.23311086969511,24.795875894849836,0.7939984069660625,727.0,645.8,62.16,3,953.0,2.8114037792190523,74.3876276845495,29.50803478307398
16,2015,241.0,Don Valley East,22.961197918113417,13.878017333710863,1958.3321017754122,1235.0184943198562,11.944627209662139,0.860686863436007,0.1738105748566399,24.213762537486556,7.582434340982408,0.6044117290049097,1.0545513619907882,63.667898224587816,11.944627209662139,0.9076385040840207,727.0,645.8,62.16,3,953.0,3.1636540859723645,35.83388162898642,22.74730302294722
17,2015,271.0,Don Valley North,24.416753467633473,12.97606063006196,1961.6187924323604,1032.1304208420622,6.132698743234943,0.4726163754989838,0.42184089960364424,0.0,0.0,0.531440866913894,0.0,60.38120756763965,6.132698743234943,0.0,727.0,645.8,62.16,3,953.0,0.0,18.39809622970483,0.0
18,2015,194.0,Willowdale,19.75882362539992,3.193125226900896,1960.4788516251642,1054.2434135288302,1.9030665605984192,0.5959887024053391,0.3467135321791051,0.0,0.0,0.16160502707236787,0.0,61.521148374835775,1.9030665605984192,0.0,727.0,645.8,62.16,3,953.0,0.0,5.7091996817952575,0.0
19,2015,196.0,Beaches-East York,16.801757122746206,12.414174737657323,1955.0982134947078,1461.3331846947906,12.038084118354147,0.9697047425824983,0.06772092897197021,29.702015952108624,3.101404775244502,0.738861694462362,1.767792245484733,66.9017865052922,12.038084118354147,1.7142365243471096,727.0,645.8,62.16,3,953.0,5.303376736454199,36.11425235506244,9.304214325733506
20,2015,161.0,Scarborough Southwest,28.187889894639056,11.769449017298337,1963.224156456754,1005.5208687840502,3.771409344470814,0.3204406033729977,0.13955049024410776,29.832969216314297,13.809039659137724,0.4175356531223262,1.0583612085836944,58.77584354324608,3.771409344470814,0.3391419042651341,727.0,645.8,62.16,3,953.0,3.1750836257510833,11.31422803341244,41.42711897741317
21,2015,198.0,Scarborough Centre,28.201836526408336,13.669029535083613,1960.4264511138674,858.1402389160564,9.225720065623907,0.6749359961469623,0.22327893176298094,8.217578284761395,1.4819534377500225,0.4846857942135743,0.2913845088445362,61.573548886132585,9.225720065623907,0.1966658937387804,727.0,645.8,62.16,3,953.0,0.8741535265336087,27.67716019687172,4.445860313250067
22,2015,154.0,Scarborough-Agincourt,21.39597748752067,4.292168652866637,1963.9315772267446,1033.6411457718898,1.184813061724434,0.27604065859181126,0.005957693407050983,0.0,0.0,0.20060633618492402,0.0,58.068422773255406,1.184813061724434,0.0,727.0,645.8,62.16,3,953.0,0.0,3.554439185173302,0.0
23,2015,173.0,Scarborough North,30.43394865212225,7.0606207598562944,1968.5619806513523,932.1850713358026,0.12161325971317269,0.01722415972326602,0.04759136384584725,0.0,0.0,0.23199818204871475,0.0,53.438019348647686,0.12161325971317269,0.0,727.0,645.8,62.16,3,953.0,0.0,0.36483977913951804,0.0
24,2015,106.0,Scarborough-Guildwood,26.114731294747127,12.94895072769501,1960.0593299304937,1138.7376217997569,6.811194851142951,0.5260036117501996,0.0,0.0,0.0,0.49584851483038767,0.0,61.94067006950627,6.811194851142951,0.0,727.0,645.8,62.16,3,953.0,0.0,20.433584553428854,0.0
25,2015,165.0,Scarborough-Rouge Park,54.085105633175615,18.21373636862709,1971.544983776764,1334.813929163113,3.3700116411419794,0.1850258273720695,0.063542526376574,0.0,0.0,0.3367606692341347,0.0,50.45501622323604,3.3700116411419794,0.0,727.0,645.8,62.16,3,953.0,0.0,10.110034923425939,0.0
1,2016,93.0,Etobicoke North,48.352264069050925,20.405628211024492,1961.3790425660125,1164.4798715377021,6.567430580128026,0.3218440771443566,0.0731295405732733,0.0,0.0,0.42202011847642984,0.0,60.62095743398754,6.567430580128026,0.0,670.0,533.0,104.37,1,1054.0,0.0,6.567430580128026,0.0
2,2016,195.0,Etobicoke Centre,37.33975371405406,16.937263171496145,1959.7088571496665,1015.0818552976485,9.093376679460915,0.5368858349419893,0.40696475310855784,0.0,0.0,0.4535986846940889,0.0,62.29114285033347,9.093376679460915,0.0,670.0,533.0,104.37,1,1054.0,0.0,9.093376679460915,0.0
3,2016,83.0,Etobicoke-Lakeshore,40.01243087301818,33.780595124299666,1959.0919417937848,1153.171061684548,18.07278302555975,0.5350048736281532,0.427534706278702,0.0,0.0,0.8442525082143693,0.0,62.90805820621517,18.07278302555975,0.0,670.0,533.0,104.37,1,1054.0,0.0,18.07278302555975,0.0
4,2016,155.0,Parkdale-High Park,15.324932601393188,3.438984851369927,1936.8595411140805,1369.1669076787987,2.0810067123721794,0.6051223841661314,0.006721574685622888,12.647507939584449,0.31213822379371625,0.2244045661288774,0.8252896289041209,85.14045888591954,2.0810067123721794,0.4994012278700435,670.0,533.0,104.37,1,1054.0,0.8252896289041209,2.0810067123721794,0.31213822379371625
5,2016,301.0,York South-Weston,24.97356667631694,26.766267692661632,1950.6137670197415,1467.640926805777,20.524105733566138,0.7667899749501917,0.08629647890927655,23.993165641934795,7.013153628509131,1.0717839401788274,0.9607424503240106,71.38623298025846,20.524105733566138,0.736687679417534,670.0,533.0,104.37,1,1054.0,0.9607424503240106,20.524105733566138,7.013153628509131
6,2016,342.0,York Centre,35.35267319601433,20.39218380119885,1966.3502179447437,1235.4359430961936,9.053615094968425,0.4439747691189487,0.28088650304913293,33.8970993777612,8.83928775031618,0.5768215514604387,0.9588270507810642,55.64978205525631,9.053615094968425,0.4256950184955255,670.0,533.0,104.37,1,1054.0,0.9588270507810642,9.053615094968425,8.83928775031618
7,2016,158.0,Humber River-Black Creek,30.69420658597782,8.519778123046532,1959.5866677738884,1003.7238508209028,4.853968680842798,0.5697294707373317,0.2658610382415345,0.0,0.0,0.27756958301501305,0.0,62.413332226111606,4.853968680842798,0.0,670.0,533.0,104.37,1,1054.0,0.0,4.853968680842798,0.0
8,2016,51.0,Eglinton-Lawrence,22.657719856983817,20.56681964535326,1951.620484291812,1656.0547848675828,13.626838088875415,0.6625641846358185,0.04981866167784881,49.563341067097156,19.654190136239787,0.9077179775887256,2.1874814138378618,70.37951570818791,13.626838088875415,1.4493468393654902,670.0,533.0,104.37,1,1054.0,2.1874814138378618,13.626838088875415,19.654190136239787
9,2016,162.0,Davenport,12.092764199613006,2.4774486910009004,1958.634013264649,1852.9897186513444,0.7965447311883609,0.32151815457641353,0.0,22.779630881086767,4.07888543520061,0.20487033817133257,1.8837405993425196,63.36598673535104,0.7965447311883609,0.6056568012012741,670.0,533.0,104.37,1,1054.0,1.8837405993425196,0.7965447311883609,4.07888543520061
10,2016,233.0,Spadina-Fort York,18.698987381759622,14.666584750220604,1947.2361628604338,2195.4671008948226,6.837700880062713,0.4662094820649958,0.014643720295538018,15.161141481866219,6.504644955947919,0.784351818137889,0.8108001343781599,74.76383713956625,6.837700880062713,0.3780027107066709,670.0,533.0,104.37,1,1054.0,0.8108001343781599,6.837700880062713,6.504644955947919
11,2016,306.0,University-Rosedale,13.594704244626001,5.634714738256236,1966.3407826269856,3646.281200108154,0.022988246617577247,0.004079753401090784,0.05122563201500643,20.752800773694148,2.480038275193153,0.4144786555752873,1.5265356568457713,55.65921737301437,0.022988246617577247,0.0062278890379028895,670.0,533.0,104.37,1,1054.0,1.5265356568457713,0.022988246617577247,2.480038275193153
12,2016,202.0,Toronto-St. Paul's,13.119079184322695,7.99810887469478,1949.5318307951115,2727.6797383868216,4.0724362100101255,0.5091748904412777,0.011236179073602299,19.110091759399243,6.210414702472509,0.6096547449955576,1.45666410659643,72.46816920488845,4.0724362100101255,0.741696786885979,670.0,533.0,104.37,1,1054.0,1.45666410659643,4.0724362100101255,6.210414702472509
13,2016,302.0,Toronto Centre,5.861978760190288,13.451075980318636,1943.92133419495,2557.076052524731,5.597445399401714,0.41613365411003495,0.01613878249527002,18.62655068739639,7.897617470483735,2.294630623991206,3.177519306943334,78.07866580504992,5.597445399401714,1.3222727202035154,670.0,533.0,104.37,1,1054.0,3.177519306943334,5.597445399401714,7.897617470483735
14,2016,165.0,Toronto-Danforth,21.798055615035086,23.589900903412374,1947.1588684438966,2868.454104266577,11.17001854690989,0.4735084980918297,0.006614523328547946,24.091682221342307,6.592037691748661,1.0822020697635697,1.1052216145703015,74.84113155610339,11.17001854690989,0.5233318267738106,670.0,533.0,104.37,1,1054.0,1.1052216145703015,11.17001854690989,6.592037691748661
15,2016,217.0,Don Valley West,30.29144696302436,29.26589381381763,1946.766889130305,1968.9721483159524,24.795875894849836,0.8472618691434834,0.23243206828997962,28.387162823286722,9.836011594357993,0.9661438045380076,0.9371345930730174,75.23311086969511,24.795875894849836,0.7939984069660625,670.0,533.0,104.37,1,1054.0,0.9371345930730174,24.795875894849836,9.836011594357993
16,2016,211.0,Don Valley East,22.961197918113417,13.878017333710863,1958.3321017754122,1235.0184943198562,11.944627209662139,0.860686863436007,0.1738105748566399,24.213762537486556,7.582434340982408,0.6044117290049097,1.0545513619907882,63.667898224587816,11.944627209662139,0.9076385040840207,670.0,533.0,104.37,1,1054.0,1.0545513619907882,11.944627209662139,7.582434340982408
17,2016,215.0,Don Valley North,24.416753467633473,12.97606063006196,1961.6187924323604,1032.1304208420622,6.132698743234943,0.4726163754989838,0.42184089960364424,0.0,0.0,0.531440866913894,0.0,60.38120756763965,6.132698743234943,0.0,670.0,533.0,104.37,1,1054.0,0.0,6.132698743234943,0.0
18,2016,140.0,Willowdale,19.75882362539992,3.193125226900896,1960.4788516251642,1054.2434135288302,1.9030665605984192,0.5959887024053391,0.3467135321791051,0.0,0.0,0.16160502707236787,0.0,61.521148374835775,1.9030665605984192,0.0,670.0,533.0,104.37,1,1054.0,0.0,1.9030665605984192,0.0
19,2016,174.0,Beaches-East York,16.801757122746206,12.414174737657323,1955.0982134947078,1461.3331846947906,12.038084118354147,0.9697047425824983,0.06772092897197021,29.702015952108624,3.101404775244502,0.738861694462362,1.767792245484733,66.9017865052922,12.038084118354147,1.7142365243471096,670.0,533.0,104.37,1,1054.0,1.767792245484733,12.038084118354147,3.101404775244502
20,2016,132.0,Scarborough Southwest,28.187889894639056,11.769449017298337,1963.224156456754,1005.5208687840502,3.771409344470814,0.3204406033729977,0.13955049024410776,29.832969216314297,13.809039659137724,0.4175356531223262,1.0583612085836944,58.77584354324608,3.771409344470814,0.3391419042651341,670.0,533.0,104.37,1,1054.0,1.0583612085836944,3.771409344470814,13.809039659137724
21,2016,190.0,Scarborough Centre,28.201836526408336,13.669029535083613,1960.4264511138674,858.1402389160564,9.225720065623907,0.6749359961469623,0.22327893176298094,8.217578284761395,1.4819534377500225,0.4846857942135743,0.2913845088445362,61.573548886132585,9.225720065623907,0.1966658937387804,670.0,533.0,104.37,1,1054.0,0.2913845088445362,9.225720065623907,1.4819534377500225
22,2016,165.0,Scarborough-Agincourt,21.39597748752067,4.292168652866637,1963.9315772267446,1033.6411457718898,1.184813061724434,0.27604065859181126,0.005957693407050983,0.0,0.0,0.20060633618492402,0.0,58.068422773255406,1.184813061724434,0.0,670.0,533.0,104.37,1,1054.0,0.0,1.184813061724434,0.0
23,2016,145.0,Scarborough North,30.43394865212225,7.0606207598562944,1968.5619806513523,932.1850713358026,0.12161325971317269,0.01722415972326602,0.04759136384584725,0.0,0.0,0.23199818204871475,0.0,53.438019348647686,0.12161325971317269,0.0,670.0,533.0,104.37,1,1054.0,0.0,0.12161325971317269,0.0
24,2016,84.0,Scarborough-Guildwood,26.114731294747127,12.94895072769501,1960.0593299304937,1138.7376217997569,6.811194851142951,0.5260036117501996,0.0,0.0,0.0,0.49584851483038767,0.0,61.94067006950627,6.811194851142951,0.0,670.0,533.0,104.37,1,1054.0,0.0,6.811194851142951,0.0
25,2016,145.0,Scarborough-Rouge Park,54.085105633175615,18.21373636862709,1971.544983776764,1334.813929163113,3.3700116411419794,0.1850258273720695,0.063542526376574,0.0,0.0,0.3367606692341347,0.0,50.45501622323604,3.3700116411419794,0.0,670.0,533.0,104.37,1,1054.0,0.0,3.3700116411419794,0.0
1,2017,133.0,Etobicoke North,48.352264069050925,20.405628211024492,1961.3790425660125,1164.4798715377021,6.567430580128026,0.3218440771443566,0.0731295405732733,0.0,0.0,0.42202011847642984,0.0,60.62095743398754,6.567430580128026,0.0,945.0,839.4,73.99,1,1497.0,0.0,6.567430580128026,0.0
2,2017,231.0,Etobicoke Centre,37.33975371405406,16.937263171496145,1959.7088571496665,1015.0818552976485,9.093376679460915,0.5368858349419893,0.40696475310855784,0.0,0.0,0.4535986846940889,0.0,62.29114285033347,9.093376679460915,0.0,945.0,839.4,73.99,1,1497.0,0.0,9.093376679460915,0.0
3,2017,136.0,Etobicoke-Lakeshore,40.01243087301818,33.780595124299666,1959.0919417937848,1153.171061684548,18.07278302555975,0.5350048736281532,0.427534706278702,0.0,0.0,0.8442525082143693,0.0,62.90805820621517,18.07278302555975,0.0,945.0,839.4,73.99,1,1497.0,0.0,18.07278302555975,0.0
4,2017,160.0,Parkdale-High Park,15.324932601393188,3.438984851369927,1936.8595411140805,1369.1669076787987,2.0810067123721794,0.6051223841661314,0.006721574685622888,12.647507939584449,0.31213822379371625,0.2244045661288774,0.8252896289041209,85.14045888591954,2.0810067123721794,0.4994012278700435,945.0,839.4,73.99,1,1497.0,0.8252896289041209,2.0810067123721794,0.31213822379371625
5,2017,344.0,York South-Weston,24.97356667631694,26.766267692661632,1950.6137670197415,1467.640926805777,20.524105733566138,0.7667899749501917,0.08629647890927655,23.993165641934795,7.013153628509131,1.0717839401788274,0.9607424503240106,71.38623298025846,20.524105733566138,0.736687679417534,945.0,839.4,73.99,1,1497.0,0.9607424503240106,20.524105733566138,7.013153628509131
6,2017,320.0,York Centre,35.35267319601433,20.39218380119885,1966.3502179447437,1235.4359430961936,9.053615094968425,0.4439747691189487,0.28088650304913293,33.8970993777612,8.83928775031618,0.5768215514604387,0.9588270507810642,55.64978205525631,9.053615094968425,0.4256950184955255,945.0,839.4,73.99,1,1497.0,0.9588270507810642,9.053615094968425,8.83928775031618
7,2017,190.0,Humber River-Black Creek,30.69420658597782,8.519778123046532,1959.5866677738884,1003.7238508209028,4.853968680842798,0.5697294707373317,0.2658610382415345,0.0,0.0,0.27756958301501305,0.0,62.413332226111606,4.853968680842798,0.0,945.0,839.4,73.99,1,1497.0,0.0,4.853968680842798,0.0
8,2017,71.0,Eglinton-Lawrence,22.657719856983817,20.56681964535326,1951.620484291812,1656.0547848675828,13.626838088875415,0.6625641846358185,0.04981866167784881,49.563341067097156,19.654190136239787,0.9077179775887256,2.1874814138378618,70.37951570818791,13.626838088875415,1.4493468393654902,945.0,839.4,73.99,1,1497.0,2.1874814138378618,13.626838088875415,19.654190136239787
9,2017,165.0,Davenport,12.092764199613006,2.4774486910009004,1958.634013264649,1852.9897186513444,0.7965447311883609,0.32151815457641353,0.0,22.779630881086767,4.07888543520061,0.20487033817133257,1.8837405993425196,63.36598673535104,0.7965447311883609,0.6056568012012741,945.0,839.4,73.99,1,1497.0,1.8837405993425196,0.7965447311883609,4.07888543520061
10,2017,229.0,Spadina-Fort York,18.698987381759622,14.666584750220604,1947.2361628604338,2195.4671008948226,6.837700880062713,0.4662094820649958,0.014643720295538018,15.161141481866219,6.504644955947919,0.784351818137889,0.8108001343781599,74.76383713956625,6.837700880062713,0.3780027107066709,945.0,839.4,73.99,1,1497.0,0.8108001343781599,6.837700880062713,6.504644955947919
11,2017,341.0,University-Rosedale,13.594704244626001,5.634714738256236,1966.3407826269856,3646.281200108154,0.022988246617577247,0.004079753401090784,0.05122563201500643,20.752800773694148,2.480038275193153,0.4144786555752873,1.5265356568457713,55.65921737301437,0.022988246617577247,0.0062278890379028895,945.0,839.4,73.99,1,1497.0,1.5265356568457713,0.022988246617577247,2.480038275193153
12,2017,172.0,Toronto-St. Paul's,13.119079184322695,7.99810887469478,1949.5318307951115,2727.6797383868216,4.0724362100101255,0.5091748904412777,0.011236179073602299,19.110091759399243,6.210414702472509,0.6096547449955576,1.45666410659643,72.46816920488845,4.0724362100101255,0.741696786885979,945.0,839.4,73.99,1,1497.0,1.45666410659643,4.0724362100101255,6.210414702472509
13,2017,304.0,Toronto Centre,5.861978760190288,13.451075980318636,1943.92133419495,2557.076052524731,5.597445399401714,0.41613365411003495,0.01613878249527002,18.62655068739639,7.897617470483735,2.294630623991206,3.177519306943334,78.07866580504992,5.597445399401714,1.3222727202035154,945.0,839.4,73.99,1,1497.0,3.177519306943334,5.597445399401714,7.897617470483735
14,2017,140.0,Toronto-Danforth,21.798055615035086,23.589900903412374,1947.1588684438966,2868.454104266577,11.17001854690989,0.4735084980918297,0.006614523328547946,24.091682221342307,6.592037691748661,1.0822020697635697,1.1052216145703015,74.84113155610339,11.17001854690989,0.5233318267738106,945.0,839.4,73.99,1,1497.0,1.1052216145703015,11.17001854690989,6.592037691748661
15,2017,273.0,Don Valley West,30.29144696302436,29.26589381381763,1946.766889130305,1968.9721483159524,24.795875894849836,0.8472618691434834,0.23243206828997962,28.387162823286722,9.836011594357993,0.9661438045380076,0.9371345930730174,75.23311086969511,24.795875894849836,0.7939984069660625,945.0,839.4,73.99,1,1497.0,0.9371345930730174,24.795875894849836,9.836011594357993
16,2017,269.0,Don Valley East,22.961197918113417,13.878017333710863,1958.3321017754122,1235.0184943198562,11.944627209662139,0.860686863436007,0.1738105748566399,24.213762537486556,7.582434340982408,0.6044117290049097,1.0545513619907882,63.667898224587816,11.944627209662139,0.9076385040840207,945.0,839.4,73.99,1,1497.0,1.0545513619907882,11.944627209662139,7.582434340982408
17,2017,211.0,Don Valley North,24.416753467633473,12.97606063006196,1961.6187924323604,1032.1304208420622,6.132698743234943,0.4726163754989838,0.42184089960364424,0.0,0.0,0.531440866913894,0.0,60.38120756763965,6.132698743234943,0.0,945.0,839.4,73.99,1,1497.0,0.0,6.132698743234943,0.0
18,2017,172.0,Willowdale,19.75882362539992,3.193125226900896,1960.4788516251642,1054.2434135288302,1.9030665605984192,0.5959887024053391,0.3467135321791051,0.0,0.0,0.16160502707236787,0.0,61.521148374835775,1.9030665605984192,0.0,945.0,839.4,73.99,1,1497.0,0.0,1.9030665605984192,0.0
19,2017,194.0,Beaches-East York,16.801757122746206,12.414174737657323,1955.0982134947078,1461.3331846947906,12.038084118354147,0.9697047425824983,0.06772092897197021,29.702015952108624,3.101404775244502,0.738861694462362,1.767792245484733,66.9017865052922,12.038084118354147,1.7142365243471096,945.0,839.4,73.99,1,1497.0,1.767792245484733,12.038084118354147,3.101404775244502
20,2017,128.0,Scarborough Southwest,28.187889894639056,11.769449017298337,1963.224156456754,1005.5208687840502,3.771409344470814,0.3204406033729977,0.13955049024410776,29.832969216314297,13.809039659137724,0.4175356531223262,1.0583612085836944,58.77584354324608,3.771409344470814,0.3391419042651341,945.0,839.4,73.99,1,1497.0,1.0583612085836944,3.771409344470814,13.809039659137724
21,2017,207.0,Scarborough Centre,28.201836526408336,13.669029535083613,1960.4264511138674,858.1402389160564,9.225720065623907,0.6749359961469623,0.22327893176298094,8.217578284761395,1.4819534377500225,0.4846857942135743,0.2913845088445362,61.573548886132585,9.225720065623907,0.1966658937387804,945.0,839.4,73.99,1,1497.0,0.2913845088445362,9.225720065623907,1.4819534377500225
22,2017,176.0,Scarborough-Agincourt,21.39597748752067,4.292168652866637,1963.9315772267446,1033.6411457718898,1.184813061724434,0.27604065859181126,0.005957693407050983,0.0,0.0,0.20060633618492402,0.0,58.068422773255406,1.184813061724434,0.0,945.0,839.4,73.99,1,1497.0,0.0,1.184813061724434,0.0
23,2017,205.0,Scarborough North,30.43394865212225,7.0606207598562944,1968.5619806513523,932.1850713358026,0.12161325971317269,0.01722415972326602,0.04759136384584725,0.0,0.0,0.23199818204871475,0.0,53.438019348647686,0.12161325971317269,0.0,945.0,839.4,73.99,1,1497.0,0.0,0.12161325971317269,0.0
24,2017,170.0,Scarborough-Guildwood,26.114731294747127,12.94895072769501,1960.0593299304937,1138.7376217997569,6.811194851142951,0.5260036117501996,0.0,0.0,0.0,0.49584851483038767,0.0,61.94067006950627,6.811194851142951,0.0,945.0,839.4,73.99,1,1497.0,0.0,6.811194851142951,0.0
25,2017,184.0,Scarborough-Rouge Park,54.085105633175615,18.21373636862709,1971.544983776764,1334.813929163113,3.3700116411419794,0.1850258273720695,0.063542526376574,0.0,0.0,0.3367606692341347,0.0,50.45501622323604,3.3700116411419794,0.0,945.0,839.4,73.99,1,1497.0,0.0,3.3700116411419794,0.0
1,2018,103.0,Etobicoke North,48.352264069050925,20.405628211024492,1961.3790425660125,1164.4798715377021,6.567430580128026,0.3218440771443566,0.0731295405732733,0.0,0.0,0.42202011847642984,0.0,60.62095743398754,6.567430580128026,0.0,1011.5,916.6,66.57000000000001,2,1560.0,0.0,13.134861160256053,0.0
2,2018,223.0,Etobicoke Centre,37.33975371405406,16.937263171496145,1959.7088571496665,1015.0818552976485,9.093376679460915,0.5368858349419893,0.40696475310855784,0.0,0.0,0.4535986846940889,0.0,62.29114285033347,9.093376679460915,0.0,1011.5,916.6,66.57000000000001,2,1560.0,0.0,18.18675335892183,0.0
3,2018,176.0,Etobicoke-Lakeshore,40.01243087301818,33.780595124299666,1959.0919417937848,1153.171061684548,18.07278302555975,0.5350048736281532,0.427534706278702,0.0,0.0,0.8442525082143693,0.0,62.90805820621517,18.07278302555975,0.0,1011.5,916.6,66.57000000000001,2,1560.0,0.0,36.1455660511195,0.0
4,2018,182.0,Parkdale-High Park,15.324932601393188,3.438984851369927,1936.8595411140805,1369.1669076787987,2.0810067123721794,0.6051223841661314,0.006721574685622888,12.647507939584449,0.31213822379371625,0.2244045661288774,0.8252896289041209,85.14045888591954,2.0810067123721794,0.4994012278700435,1011.5,916.6,66.57000000000001,2,1560.0,1.6505792578082419,4.162013424744359,0.6242764475874325
5,2018,345.0,York South-Weston,24.97356667631694,26.766267692661632,1950.6137670197415,1467.640926805777,20.524105733566138,0.7667899749501917,0.08629647890927655,23.993165641934795,7.013153628509131,1.0717839401788274,0.9607424503240106,71.38623298025846,20.524105733566138,0.736687679417534,1011.5,916.6,66.57000000000001,2,1560.0,1.9214849006480212,41.048211467132276,14.026307257018262
6,2018,387.0,York Centre,35.35267319601433,20.39218380119885,1966.3502179447437,1235.4359430961936,9.053615094968425,0.4439747691189487,0.28088650304913293,33.8970993777612,8.83928775031618,0.5768215514604387,0.9588270507810642,55.64978205525631,9.053615094968425,0.4256950184955255,1011.5,916.6,66.57000000000001,2,1560.0,1.9176541015621285,18.10723018993685,17.67857550063236
7,2018,173.0,Humber River-Black Creek,30.69420658597782,8.519778123046532,1959.5866677738884,1003.7238508209028,4.853968680842798,0.5697294707373317,0.2658610382415345,0.0,0.0,0.27756958301501305,0.0,62.413332226111606,4.853968680842798,0.0,1011.5,916.6,66.57000000000001,2,1560.0,0.0,9.707937361685596,0.0
8,2018,98.0,Eglinton-Lawrence,22.657719856983817,20.56681964535326,1951.620484291812,1656.0547848675828,13.626838088875415,0.6625641846358185,0.04981866167784881,49.563341067097156,19.654190136239787,0.9077179775887256,2.1874814138378618,70.37951570818791,13.626838088875415,1.4493468393654902,1011.5,916.6,66.57000000000001,2,1560.0,4.3749628276757235,27.25367617775083,39.308380272479575
9,2018,352.0,Davenport,12.092764199613006,2.4774486910009004,1958.634013264649,1852.9897186513444,0.7965447311883609,0.32151815457641353,0.0,22.779630881086767,4.07888543520061,0.20487033817133257,1.8837405993425196,63.36598673535104,0.7965447311883609,0.6056568012012741,1011.5,916.6,66.57000000000001,2,1560.0,3.767481198685039,1.5930894623767218,8.15777087040122
10,2018,204.0,Spadina-Fort York,18.698987381759622,14.666584750220604,1947.2361628604338,2195.4671008948226,6.837700880062713,0.4662094820649958,0.014643720295538018,15.161141481866219,6.504644955947919,0.784351818137889,0.8108001343781599,74.76383713956625,6.837700880062713,0.3780027107066709,1011.5,916.6,66.57000000000001,2,1560.0,1.6216002687563198,13.675401760125427,13.009289911895838
11,2018,407.0,University-Rosedale,13.594704244626001,5.634714738256236,1966.3407826269856,3646.281200108154,0.022988246617577247,0.004079753401090784,0.05122563201500643,20.752800773694148,2.480038275193153,0.4144786555752873,1.5265356568457713,55.65921737301437,0.022988246617577247,0.0062278890379028895,1011.5,916.6,66.57000000000001,2,1560.0,3.0530713136915426,0.04597649323515449,4.960076550386306
12,2018,323.0,Toronto-St. Paul's,13.119079184322695,7.99810887469478,1949.5318307951115,2727.6797383868216,4.0724362100101255,0.5091748904412777,0.011236179073602299,19.110091759399243,6.210414702472509,0.6096547449955576,1.45666410659643,72.46816920488845,4.0724362100101255,0.741696786885979,1011.5,916.6,66.57000000000001,2,1560.0,2.91332821319286,8.144872420020251,12.420829404945017
13,2018,240.0,Toronto Centre,5.861978760190288,13.451075980318636,1943.92133419495,2557.076052524731,5.597445399401714,0.41613365411003495,0.01613878249527002,18.62655068739639,7.897617470483735,2.294630623991206,3.177519306943334,78.07866580504992,5.597445399401714,1.3222727202035154,1011.5,916.6,66.57000000000001,2,1560.0,6.355038613886668,11.194890798803428,15.79523494096747
14,2018,183.0,Toronto-Danforth,21.798055615035086,23.589900903412374,1947.1588684438966,2868.454104266577,11.17001854690989,0.4735084980918297,0.006614523328547946,24.091682221342307,6.592037691748661,1.0822020697635697,1.1052216145703015,74.84113155610339,11.17001854690989,0.5233318267738106,1011.5,916.6,66.57000000000001,2,1560.0,2.210443229140603,22.34003709381978,13.184075383497323
15,2018,300.0,Don Valley West,30.29144696302436,29.26589381381763,1946.766889130305,1968.9721483159524,24.795875894849836,0.8472618691434834,0.23243206828997962,28.387162823286722,9.836011594357993,0.9661438045380076,0.9371345930730174,75.23311086969511,24.795875894849836,0.7939984069660625,1011.5,916.6,66.57000000000001,2,1560.0,1.8742691861460348,49.59175178969967,19.672023188715986
16,2018,230.0,Don Valley East,22.961197918113417,13.878017333710863,1958.3321017754122,1235.0184943198562,11.944627209662139,0.860686863436007,0.1738105748566399,24.213762537486556,7.582434340982408,0.6044117290049097,1.0545513619907882,63.667898224587816,11.944627209662139,0.9076385040840207,1011.5,916.6,66.57000000000001,2,1560.0,2.1091027239815765,23.889254419324278,15.164868681964816
17,2018,295.0,Don Valley North,24.416753467633473,12.97606063006196,1961.6187924323604,1032.1304208420622,6.132698743234943,0.4726163754989838,0.42184089960364424,0.0,0.0,0.531440866913894,0.0,60.38120756763965,6.132698743234943,0.0,1011.5,916.6,66.57000000000001,2,1560.0,0.0,12.265397486469887,0.0
18,2018,253.0,Willowdale,19.75882362539992,3.193125226900896,1960.4788516251642,1054.2434135288302,1.9030665605984192,0.5959887024053391,0.3467135321791051,0.0,0.0,0.16160502707236787,0.0,61.521148374835775,1.9030665605984192,0.0,1011.5,916.6,66.57000000000001,2,1560.0,0.0,3.8061331211968383,0.0
19,2018,283.0,Beaches-East York,16.801757122746206,12.414174737657323,1955.0982134947078,1461.3331846947906,12.038084118354147,0.9697047425824983,0.06772092897197021,29.702015952108624,3.101404775244502,0.738861694462362,1.767792245484733,66.9017865052922,12.038084118354147,1.7142365243471096,1011.5,916.6,66.57000000000001,2,1560.0,3.535584490969466,24.076168236708295,6.202809550489004
20,2018,204.0,Scarborough Southwest,28.187889894639056,11.769449017298337,1963.224156456754,1005.5208687840502,3.771409344470814,0.3204406033729977,0.13955049024410776,29.832969216314297,13.809039659137724,0.4175356531223262,1.0583612085836944,58.77584354324608,3.771409344470814,0.3391419042651341,1011.5,916.6,66.57000000000001,2,1560.0,2.116722417167389,7.542818688941628,27.61807931827545
21,2018,227.0,Scarborough Centre,28.201836526408336,13.669029535083613,1960.4264511138674,858.1402389160564,9.225720065623907,0.6749359961469623,0.22327893176298094,8.217578284761395,1.4819534377500225,0.4846857942135743,0.2913845088445362,61.573548886132585,9.225720065623907,0.1966658937387804,1011.5,916.6,66.57000000000001,2,1560.0,0.5827690176890724,18.451440131247814,2.963906875500045
22,2018,162.0,Scarborough-Agincourt,21.39597748752067,4.292168652866637,1963.9315772267446,1033.6411457718898,1.184813061724434,0.27604065859181126,0.005957693407050983,0.0,0.0,0.20060633618492402,0.0,58.068422773255406,1.184813061724434,0.0,1011.5,916.6,66.57000000000001,2,1560.0,0.0,2.369626123448868,0.0
23,2018,177.0,Scarborough North,30.43394865212225,7.0606207598562944,1968.5619806513523,932.1850713358026,0.12161325971317269,0.01722415972326602,0.04759136384584725,0.0,0.0,0.23199818204871475,0.0,53.438019348647686,0.12161325971317269,0.0,1011.5,916.6,66.57000000000001,2,1560.0,0.0,0.24322651942634538,0.0
24,2018,129.0,Scarborough-Guildwood,26.114731294747127,12.94895072769501,1960.0593299304937,1138.7376217997569,6.811194851142951,0.5260036117501996,0.0,0.0,0.0,0.49584851483038767,0.0,61.94067006950627,6.811194851142951,0.0,1011.5,916.6,66.57000000000001,2,1560.0,0.0,13.622389702285902,0.0
25,2018,147.0,Scarborough-Rouge Park,54.085105633175615,18.21373636862709,1971.544983776764,1334.813929163113,3.3700116411419794,0.1850258273720695,0.063542526376574,0.0,0.0,0.3367606692341347,0.0,50.45501622323604,3.3700116411419794,0.0,1011.5,916.6,66.57000000000001,2,1560.0,0.0,6.740023282283959,0.0
1,2019,262.0,Etobicoke North,48.352264069050925,20.405628211024492,1961.3790425660125,1164.4798715377021,6.567430580128026,0.3218440771443566,0.0731295405732733,0.0,0.0,0.42202011847642984,0.0,60.62095743398754,6.567430580128026,0.0,984.2,823.4,112.63,2,1574.0,0.0,13.134861160256053,0.0
2,2019,318.0,Etobicoke Centre,37.33975371405406,16.937263171496145,1959.7088571496665,1015.0818552976485,9.093376679460915,0.5368858349419893,0.40696475310855784,0.0,0.0,0.4535986846940889,0.0,62.29114285033347,9.093376679460915,0.0,984.2,823.4,112.63,2,1574.0,0.0,18.18675335892183,0.0
3,2019,553.0,Etobicoke-Lakeshore,40.01243087301818,33.780595124299666,1959.0919417937848,1153.171061684548,18.07278302555975,0.5350048736281532,0.427534706278702,0.0,0.0,0.8442525082143693,0.0,62.90805820621517,18.07278302555975,0.0,984.2,823.4,112.63,2,1574.0,0.0,36.1455660511195,0.0
4,2019,397.0,Parkdale-High Park,15.324932601393188,3.438984851369927,1936.8595411140805,1369.1669076787987,2.0810067123721794,0.6051223841661314,0.006721574685622888,12.647507939584449,0.31213822379371625,0.2244045661288774,0.8252896289041209,85.14045888591954,2.0810067123721794,0.4994012278700435,984.2,823.4,112.63,2,1574.0,1.6505792578082419,4.162013424744359,0.6242764475874325
5,2019,567.0,York South-Weston,24.97356667631694,26.766267692661632,1950.6137670197415,1467.640926805777,20.524105733566138,0.7667899749501917,0.08629647890927655,23.993165641934795,7.013153628509131,1.0717839401788274,0.9607424503240106,71.38623298025846,20.524105733566138,0.736687679417534,984.2,823.4,112.63,2,1574.0,1.9214849006480212,41.048211467132276,14.026307257018262
6,2019,285.0,York Centre,35.35267319601433,20.39218380119885,1966.3502179447437,1235.4359430961936,9.053615094968425,0.4439747691189487,0.28088650304913293,33.8970993777612,8.83928775031618,0.5768215514604387,0.9588270507810642,55.64978205525631,9.053615094968425,0.4256950184955255,984.2,823.4,112.63,2,1574.0,1.9176541015621285,18.10723018993685,17.67857550063236
7,2019,263.0,Humber River-Black Creek,30.69420658597782,8.519778123046532,1959.5866677738884,1003.7238508209028,4.853968680842798,0.5697294707373317,0.2658610382415345,0.0,0.0,0.27756958301501305,0.0,62.413332226111606,4.853968680842798,0.0,984.2,823.4,112.63,2,1574.0,0.0,9.707937361685596,0.0
8,2019,393.0,Eglinton-Lawrence,22.657719856983817,20.56681964535326,1951.620484291812,1656.0547848675828,13.626838088875415,0.6625641846358185,0.04981866167784881,49.563341067097156,19.654190136239787,0.9077179775887256,2.1874814138378618,70.37951570818791,13.626838088875415,1.4493468393654902,984.2,823.4,112.63,2,1574.0,4.3749628276757235,27.25367617775083,39.308380272479575
9,2019,368.0,Davenport,12.092764199613006,2.4774486910009004,1958.634013264649,1852.9897186513444,0.7965447311883609,0.32151815457641353,0.0,22.779630881086767,4.07888543520061,0.20487033817133257,1.8837405993425196,63.36598673535104,0.7965447311883609,0.6056568012012741,984.2,823.4,112.63,2,1574.0,3.767481198685039,1.5930894623767218,8.15777087040122
10,2019,109.0,Spadina-Fort York,18.698987381759622,14.666584750220604,1947.2361628604338,2195.4671008948226,6.837700880062713,0.4662094820649958,0.014643720295538018,15.161141481866219,6.504644955947919,0.784351818137889,0.8108001343781599,74.76383713956625,6.837700880062713,0.3780027107066709,984.2,823.4,112.63,2,1574.0,1.6216002687563198,13.675401760125427,13.009289911895838
11,2019,265.0,University-Rosedale,13.594704244626001,5.634714738256236,1966.3407826269856,3646.281200108154,0.022988246617577247,0.004079753401090784,0.05122563201500643,20.752800773694148,2.480038275193153,0.4144786555752873,1.5265356568457713,55.65921737301437,0.022988246617577247,0.0062278890379028895,984.2,823.4,112.63,2,1574.0,3.0530713136915426,0.04597649323515449,4.960076550386306
12,2019,263.0,Toronto-St. Paul's,13.119079184322695,7.99810887469478,1949.5318307951115,2727.6797383868216,4.0724362100101255,0.5091748904412777,0.011236179073602299,19.110091759399243,6.210414702472509,0.6096547449955576,1.45666410659643,72.46816920488845,4.0724362100101255,0.741696786885979,984.2,823.4,112.63,2,1574.0,2.91332821319286,8.144872420020251,12.420829404945017
13,2019,87.0,Toronto Centre,5.861978760190288,13.451075980318636,1943.92133419495,2557.076052524731,5.597445399401714,0.41613365411003495,0.01613878249527002,18.62655068739639,7.897617470483735,2.294630623991206,3.177519306943334,78.07866580504992,5.597445399401714,1.3222727202035154,984.2,823.4,112.63,2,1574.0,6.355038613886668,11.194890798803428,15.79523494096747
14,2019,584.0,Toronto-Danforth,21.798055615035086,23.589900903412374,1947.1588684438966,2868.454104266577,11.17001854690989,0.4735084980918297,0.006614523328547946,24.091682221342307,6.592037691748661,1.0822020697635697,1.1052216145703015,74.84113155610339,11.17001854690989,0.5233318267738106,984.2,823.4,112.63,2,1574.0,2.210443229140603,22.34003709381978,13.184075383497323
15,2019,240.0,Don Valley West,30.29144696302436,29.26589381381763,1946.766889130305,1968.9721483159524,24.795875894849836,0.8472618691434834,0.23243206828997962,28.387162823286722,9.836011594357993,0.9661438045380076,0.9371345930730174,75.23311086969511,24.795875894849836,0.7939984069660625,984.2,823.4,112.63,2,1574.0,1.8742691861460348,49.59175178969967,19.672023188715986
16,2019,119.0,Don Valley East,22.961197918113417,13.878017333710863,1958.3321017754122,1235.0184943198562,11.944627209662139,0.860686863436007,0.1738105748566399,24.213762537486556,7.582434340982408,0.6044117290049097,1.0545513619907882,63.667898224587816,11.944627209662139,0.9076385040840207,984.2,823.4,112.63,2,1574.0,2.1091027239815765,23.889254419324278,15.164868681964816
17,2019,129.0,Don Valley North,24.416753467633473,12.97606063006196,1961.6187924323604,1032.1304208420622,6.132698743234943,0.4726163754989838,0.42184089960364424,0.0,0.0,0.531440866913894,0.0,60.38120756763965,6.132698743234943,0.0,984.2,823.4,112.63,2,1574.0,0.0,12.265397486469887,0.0
18,2019,218.0,Willowdale,19.75882362539992,3.193125226900896,1960.4788516251642,1054.2434135288302,1.9030665605984192,0.5959887024053391,0.3467135321791051,0.0,0.0,0.16160502707236787,0.0,61.521148374835775,1.9030665605984192,0.0,984.2,823.4,112.63,2,1574.0,0.0,3.8061331211968383,0.0
19,2019,542.0,Beaches-East York,16.801757122746206,12.414174737657323,1955.0982134947078,1461.3331846947906,12.038084118354147,0.9697047425824983,0.06772092897197021,29.702015952108624,3.101404775244502,0.738861694462362,1.767792245484733,66.9017865052922,12.038084118354147,1.7142365243471096,984.2,823.4,112.63,2,1574.0,3.535584490969466,24.076168236708295,6.202809550489004
20,2019,468.0,Scarborough Southwest,28.187889894639056,11.769449017298337,1963.224156456754,1005.5208687840502,3.771409344470814,0.3204406033729977,0.13955049024410776,29.832969216314297,13.809039659137724,0.4175356531223262,1.0583612085836944,58.77584354324608,3.771409344470814,0.3391419042651341,984.2,823.4,112.63,2,1574.0,2.116722417167389,7.542818688941628,27.61807931827545
21,2019,398.0,Scarborough Centre,28.201836526408336,13.669029535083613,1960.4264511138674,858.1402389160564,9.225720065623907,0.6749359961469623,0.22327893176298094,8.217578284761395,1.4819534377500225,0.4846857942135743,0.2913845088445362,61.573548886132585,9.225720065623907,0.1966658937387804,984.2,823.4,112.63,2,1574.0,0.5827690176890724,18.451440131247814,2.963906875500045
22,2019,115.0,Scarborough-Agincourt,21.39597748752067,4.292168652866637,1963.9315772267446,1033.6411457718898,1.184813061724434,0.27604065859181126,0.005957693407050983,0.0,0.0,0.20060633618492402,0.0,58.068422773255406,1.184813061724434,0.0,984.2,823.4,112.63,2,1574.0,0.0,2.369626123448868,0.0
23,2019,99.0,Scarborough North,30.43394865212225,7.0606207598562944,1968.5619806513523,932.1850713358026,0.12161325971317269,0.01722415972326602,0.04759136384584725,0.0,0.0,0.23199818204871475,0.0,53.438019348647686,0.12161325971317269,0.0,984.2,823.4,112.63,2,1574.0,0.0,0.24322651942634538,0.0
24,2019,219.0,Scarborough-Guildwood,26.114731294747127,12.94895072769501,1960.0593299304937,1138.7376217997569,6.811194851142951,0.5260036117501996,0.0,0.0,0.0,0.49584851483038767,0.0,61.94067006950627,6.811194851142951,0.0,984.2,823.4,112.63,2,1574.0,0.0,13.622389702285902,0.0
25,2019,168.0,Scarborough-Rouge Park,54.085105633175615,18.21373636862709,1971.544983776764,1334.813929163113,3.3700116411419794,0.1850258273720695,0.063542526376574,0.0,0.0,0.3367606692341347,0.0,50.45501622323604,3.3700116411419794,0.0,984.2,823.4,112.63,2,1574.0,0.0,6.740023282283959,0.0
1,2020,228.0,Etobicoke North,48.352264069050925,20.405628211024492,1961.3790425660125,1164.4798715377021,6.567430580128026,0.3218440771443566,0.0731295405732733,0.0,0.0,0.42202011847642984,0.0,60.62095743398754,6.567430580128026,0.0,793.9,647.5,102.55,1,1413.0,0.0,6.567430580128026,0.0
2,2020,270.0,Etobicoke Centre,37.33975371405406,16.937263171496145,1959.7088571496665,1015.0818552976485,9.093376679460915,0.5368858349419893,0.40696475310855784,0.0,0.0,0.4535986846940889,0.0,62.29114285033347,9.093376679460915,0.0,793.9,647.5,102.55,1,1413.0,0.0,9.093376679460915,0.0
3,2020,542.0,Etobicoke-Lakeshore,40.01243087301818,33.780595124299666,1959.0919417937848,1153.171061684548,18.07278302555975,0.5350048736281532,0.427534706278702,0.0,0.0,0.8442525082143693,0.0,62.90805820621517,18.07278302555975,0.0,793.9,647.5,102.55,1,1413.0,0.0,18.07278302555975,0.0
4,2020,347.0,Parkdale-High Park,15.324932601393188,3.438984851369927,1936.8595411140805,1369.1669076787987,2.0810067123721794,0.6051223841661314,0.006721574685622888,12.647507939584449,0.31213822379371625,0.2244045661288774,0.8252896289041209,85.14045888591954,2.0810067123721794,0.4994012278700435,793.9,647.5,102.55,1,1413.0,0.8252896289041209,2.0810067123721794,0.31213822379371625
5,2020,646.0,York South-Weston,24.97356667631694,26.766267692661632,1950.6137670197415,1467.640926805777,20.524105733566138,0.7667899749501917,0.08629647890927655,23.993165641934795,7.013153628509131,1.0717839401788274,0.9607424503240106,71.38623298025846,20.524105733566138,0.736687679417534,793.9,647.5,102.55,1,1413.0,0.9607424503240106,20.524105733566138,7.013153628509131
6,2020,275.0,York Centre,35.35267319601433,20.39218380119885,1966.3502179447437,1235.4359430961936,9.053615094968425,0.4439747691189487,0.28088650304913293,33.8970993777612,8.83928775031618,0.5768215514604387,0.9588270507810642,55.64978205525631,9.053615094968425,0.4256950184955255,793.9,647.5,102.55,1,1413.0,0.9588270507810642,9.053615094968425,8.83928775031618
7,2020,235.0,Humber River-Black Creek,30.69420658597782,8.519778123046532,1959.5866677738884,1003.7238508209028,4.853968680842798,0.5697294707373317,0.2658610382415345,0.0,0.0,0.27756958301501305,0.0,62.413332226111606,4.853968680842798,0.0,793.9,647.5,102.55,1,1413.0,0.0,4.853968680842798,0.0
8,2020,416.0,Eglinton-Lawrence,22.657719856983817,20.56681964535326,1951.620484291812,1656.0547848675828,13.626838088875415,0.6625641846358185,0.04981866167784881,49.563341067097156,19.654190136239787,0.9077179775887256,2.1874814138378618,70.37951570818791,13.626838088875415,1.4493468393654902,793.9,647.5,102.55,1,1413.0,2.1874814138378618,13.626838088875415,19.654190136239787
9,2020,357.0,Davenport,12.092764199613006,2.4774486910009004,1958.634013264649,1852.9897186513444,0.7965447311883609,0.32151815457641353,0.0,22.779630881086767,4.07888543520061,0.20487033817133257,1.8837405993425196,63.36598673535104,0.7965447311883609,0.6056568012012741,793.9,647.5,102.55,1,1413.0,1.8837405993425196,0.7965447311883609,4.07888543520061
10,2020,60.0,Spadina-Fort York,18.698987381759622,14.666584750220604,1947.2361628604338,2195.4671008948226,6.837700880062713,0.4662094820649958,0.014643720295538018,15.161141481866219,6.504644955947919,0.784351818137889,0.8108001343781599,74.76383713956625,6.837700880062713,0.3780027107066709,793.9,647.5,102.55,1,1413.0,0.8108001343781599,6.837700880062713,6.504644955947919
11,2020,269.0,University-Rosedale,13.594704244626001,5.634714738256236,1966.3407826269856,3646.281200108154,0.022988246617577247,0.004079753401090784,0.05122563201500643,20.752800773694148,2.480038275193153,0.4144786555752873,1.5265356568457713,55.65921737301437,0.022988246617577247,0.0062278890379028895,793.9,647.5,102.55,1,1413.0,1.5265356568457713,0.022988246617577247,2.480038275193153
12,2020,256.0,Toronto-St. Paul's,13.119079184322695,7.99810887469478,1949.5318307951115,2727.6797383868216,4.0724362100101255,0.5091748904412777,0.011236179073602299,19.110091759399243,6.210414702472509,0.6096547449955576,1.45666410659643,72.46816920488845,4.0724362100101255,0.741696786885979,793.9,647.5,102.55,1,1413.0,1.45666410659643,4.0724362100101255,6.210414702472509
13,2020,82.0,Toronto Centre,5.861978760190288,13.451075980318636,1943.92133419495,2557.076052524731,5.597445399401714,0.41613365411003495,0.01613878249527002,18.62655068739639,7.897617470483735,2.294630623991206,3.177519306943334,78.07866580504992,5.597445399401714,1.3222727202035154,793.9,647.5,102.55,1,1413.0,3.177519306943334,5.597445399401714,7.897617470483735
14,2020,540.0,Toronto-Danforth,21.798055615035086,23.589900903412374,1947.1588684438966,2868.454104266577,11.17001854690989,0.4735084980918297,0.006614523328547946,24.091682221342307,6.592037691748661,1.0822020697635697,1.1052216145703015,74.84113155610339,11.17001854690989,0.5233318267738106,793.9,647.5,102.55,1,1413.0,1.1052216145703015,11.17001854690989,6.592037691748661
15,2020,261.0,Don Valley West,30.29144696302436,29.26589381381763,1946.766889130305,1968.9721483159524,24.795875894849836,0.8472618691434834,0.23243206828997962,28.387162823286722,9.836011594357993,0.9661438045380076,0.9371345930730174,75.23311086969511,24.795875894849836,0.7939984069660625,793.9,647.5,102.55,1,1413.0,0.9371345930730174,24.795875894849836,9.836011594357993
16,2020,118.0,Don Valley East,22.961197918113417,13.878017333710863,1958.3321017754122,1235.0184943198562,11.944627209662139,0.860686863436007,0.1738105748566399,24.213762537486556,7.582434340982408,0.6044117290049097,1.0545513619907882,63.667898224587816,11.944627209662139,0.9076385040840207,793.9,647.5,102.55,1,1413.0,1.0545513619907882,11.944627209662139,7.582434340982408
17,2020,121.0,Don Valley North,24.416753467633473,12.97606063006196,1961.6187924323604,1032.1304208420622,6.132698743234943,0.4726163754989838,0.42184089960364424,0.0,0.0,0.531440866913894,0.0,60.38120756763965,6.132698743234943,0.0,793.9,647.5,102.55,1,1413.0,0.0,6.132698743234943,0.0
18,2020,231.0,Willowdale,19.75882362539992,3.193125226900896,1960.4788516251642,1054.2434135288302,1.9030665605984192,0.5959887024053391,0.3467135321791051,0.0,0.0,0.16160502707236787,0.0,61.521148374835775,1.9030665605984192,0.0,793.9,647.5,102.55,1,1413.0,0.0,1.9030665605984192,0.0
19,2020,532.0,Beaches-East York,16.801757122746206,12.414174737657323,1955.0982134947078,1461.3331846947906,12.038084118354147,0.9697047425824983,0.06772092897197021,29.702015952108624,3.101404775244502,0.738861694462362,1.767792245484733,66.9017865052922,12.038084118354147,1.7142365243471096,793.9,647.5,102.55,1,1413.0,1.767792245484733,12.038084118354147,3.101404775244502
20,2020,393.0,Scarborough Southwest,28.187889894639056,11.769449017298337,1963.224156456754,1005.5208687840502,3.771409344470814,0.3204406033729977,0.13955049024410776,29.832969216314297,13.809039659137724,0.4175356531223262,1.0583612085836944,58.77584354324608,3.771409344470814,0.3391419042651341,793.9,647.5,102.55,1,1413.0,1.0583612085836944,3.771409344470814,13.809039659137724
21,2020,345.0,Scarborough Centre,28.201836526408336,13.669029535083613,1960.4264511138674,858.1402389160564,9.225720065623907,0.6749359961469623,0.22327893176298094,8.217578284761395,1.4819534377500225,0.4846857942135743,0.2913845088445362,61.573548886132585,9.225720065623907,0.1966658937387804,793.9,647.5,102.55,1,1413.0,0.2913845088445362,9.225720065623907,1.4819534377500225
22,2020,72.0,Scarborough-Agincourt,21.39597748752067,4.292168652866637,1963.9315772267446,1033.6411457718898,1.184813061724434,0.27604065859181126,0.005957693407050983,0.0,0.0,0.20060633618492402,0.0,58.068422773255406,1.184813061724434,0.0,793.9,647.5,102.55,1,1413.0,0.0,1.184813061724434,0.0
23,2020,75.0,Scarborough North,30.43394865212225,7.0606207598562944,1968.5619806513523,932.1850713358026,0.12161325971317269,0.01722415972326602,0.04759136384584725,0.0,0.0,0.23199818204871475,0.0,53.438019348647686,0.12161325971317269,0.0,793.9,647.5,102.55,1,1413.0,0.0,0.12161325971317269,0.0
24,2020,213.0,Scarborough-Guildwood,26.114731294747127,12.94895072769501,1960.0593299304937,1138.7376217997569,6.811194851142951,0.5260036117501996,0.0,0.0,0.0,0.49584851483038767,0.0,61.94067006950627,6.811194851142951,0.0,793.9,647.5,102.55,1,1413.0,0.0,6.811194851142951,0.0
25,2020,176.0,Scarborough-Rouge Park,54.085105633175615,18.21373636862709,1971.544983776764,1334.813929163113,3.3700116411419794,0.1850258273720695,0.063542526376574,0.0,0.0,0.3367606692341347,0.0,50.45501622323604,3.3700116411419794,0.0,793.9,647.5,102.55,1,1413.0,0.0,3.3700116411419794,0.0
1,2021,244.0,Etobicoke North,48.352264069050925,20.405628211024492,1961.3790425660125,1164.4798715377021,6.567430580128026,0.3218440771443566,0.0731295405732733,0.0,0.0,0.42202011847642984,0.0,60.62095743398754,6.567430580128026,0.0,873.8,765.8,75.74,2,1421.0,0.0,13.134861160256053,0.0
2,2021,287.0,Etobicoke Centre,37.33975371405406,16.937263171496145,1959.7088571496665,1015.0818552976485,9.093376679460915,0.5368858349419893,0.40696475310855784,0.0,0.0,0.4535986846940889,0.0,62.29114285033347,9.093376679460915,0.0,873.8,765.8,75.74,2,1421.0,0.0,18.18675335892183,0.0
3,2021,542.0,Etobicoke-Lakeshore,40.01243087301818,33.780595124299666,1959.0919417937848,1153.171061684548,18.07278302555975,0.5350048736281532,0.427534706278702,0.0,0.0,0.8442525082143693,0.0,62.90805820621517,18.07278302555975,0.0,873.8,765.8,75.74,2,1421.0,0.0,36.1455660511195,0.0
4,2021,367.0,Parkdale-High Park,15.324932601393188,3.438984851369927,1936.8595411140805,1369.1669076787987,2.0810067123721794,0.6051223841661314,0.006721574685622888,12.647507939584449,0.31213822379371625,0.2244045661288774,0.8252896289041209,85.14045888591954,2.0810067123721794,0.4994012278700435,873.8,765.8,75.74,2,1421.0,1.6505792578082419,4.162013424744359,0.6242764475874325
5,2021,464.0,York South-Weston,24.97356667631694,26.766267692661632,1950.6137670197415,1467.640926805777,20.524105733566138,0.7667899749501917,0.08629647890927655,23.993165641934795,7.013153628509131,1.0717839401788274,0.9607424503240106,71.38623298025846,20.524105733566138,0.736687679417534,873.8,765.8,75.74,2,1421.0,1.9214849006480212,41.048211467132276,14.026307257018262
6,2021,372.0,York Centre,35.35267319601433,20.39218380119885,1966.3502179447437,1235.4359430961936,9.053615094968425,0.4439747691189487,0.28088650304913293,33.8970993777612,8.83928775031618,0.5768215514604387,0.9588270507810642,55.64978205525631,9.053615094968425,0.4256950184955255,873.8,765.8,75.74,2,1421.0,1.9176541015621285,18.10723018993685,17.67857550063236
7,2021,216.0,Humber River-Black Creek,30.69420658597782,8.519778123046532,1959.5866677738884,1003.7238508209028,4.853968680842798,0.5697294707373317,0.2658610382415345,0.0,0.0,0.27756958301501305,0.0,62.413332226111606,4.853968680842798,0.0,873.8,765.8,75.74,2,1421.0,0.0,9.707937361685596,0.0
8,2021,412.0,Eglinton-Lawrence,22.657719856983817,20.56681964535326,1951.620484291812,1656.0547848675828,13.626838088875415,0.6625641846358185,0.04981866167784881,49.563341067097156,19.654190136239787,0.9077179775887256,2.1874814138378618,70.37951570818791,13.626838088875415,1.4493468393654902,873.8,765.8,75.74,2,1421.0,4.3749628276757235,27.25367617775083,39.308380272479575
9,2021,358.0,Davenport,12.092764199613006,2.4774486910009004,1958.634013264649,1852.9897186513444,0.7965447311883609,0.32151815457641353,0.0,22.779630881086767,4.07888543520061,0.20487033817133257,1.8837405993425196,63.36598673535104,0.7965447311883609,0.6056568012012741,873.8,765.8,75.74,2,1421.0,3.767481198685039,1.5930894623767218,8.15777087040122
10,2021,90.0,Spadina-Fort York,18.698987381759622,14.666584750220604,1947.2361628604338,2195.4671008948226,6.837700880062713,0.4662094820649958,0.014643720295538018,15.161141481866219,6.504644955947919,0.784351818137889,0.8108001343781599,74.76383713956625,6.837700880062713,0.3780027107066709,873.8,765.8,75.74,2,1421.0,1.6216002687563198,13.675401760125427,13.009289911895838
11,2021,226.0,University-Rosedale,13.594704244626001,5.634714738256236,1966.3407826269856,3646.281200108154,0.022988246617577247,0.004079753401090784,0.05122563201500643,20.752800773694148,2.480038275193153,0.4144786555752873,1.5265356568457713,55.65921737301437,0.022988246617577247,0.0062278890379028895,873.8,765.8,75.74,2,1421.0,3.0530713136915426,0.04597649323515449,4.960076550386306
12,2021,283.0,Toronto-St. Paul's,13.119079184322695,7.99810887469478,1949.5318307951115,2727.6797383868216,4.0724362100101255,0.5091748904412777,0.011236179073602299,19.110091759399243,6.210414702472509,0.6096547449955576,1.45666410659643,72.46816920488845,4.0724362100101255,0.741696786885979,873.8,765.8,75.74,2,1421.0,2.91332821319286,8.144872420020251,12.420829404945017
13,2021,81.0,Toronto Centre,5.861978760190288,13.451075980318636,1943.92133419495,2557.076052524731,5.597445399401714,0.41613365411003495,0.01613878249527002,18.62655068739639,7.897617470483735,2.294630623991206,3.177519306943334,78.07866580504992,5.597445399401714,1.3222727202035154,873.8,765.8,75.74,2,1421.0,6.355038613886668,11.194890798803428,15.79523494096747
14,2021,577.0,Toronto-Danforth,21.798055615035086,23.589900903412374,1947.1588684438966,2868.454104266577,11.17001854690989,0.4735084980918297,0.006614523328547946,24.091682221342307,6.592037691748661,1.0822020697635697,1.1052216145703015,74.84113155610339,11.17001854690989,0.5233318267738106,873.8,765.8,75.74,2,1421.0,2.210443229140603,22.34003709381978,13.184075383497323
15,2021,267.0,Don Valley West,30.29144696302436,29.26589381381763,1946.766889130305,1968.9721483159524,24.795875894849836,0.8472618691434834,0.23243206828997962,28.387162823286722,9.836011594357993,0.9661438045380076,0.9371345930730174,75.23311086969511,24.795875894849836,0.7939984069660625,873.8,765.8,75.74,2,1421.0,1.8742691861460348,49.59175178969967,19.672023188715986
16,2021,160.0,Don Valley East,22.961197918113417,13.878017333710863,1958.3321017754122,1235.0184943198562,11.944627209662139,0.860686863436007,0.1738105748566399,24.213762537486556,7.582434340982408,0.6044117290049097,1.0545513619907882,63.667898224587816,11.944627209662139,0.9076385040840207,873.8,765.8,75.74,2,1421.0,2.1091027239815765,23.889254419324278,15.164868681964816
17,2021,141.0,Don Valley North,24.416753467633473,12.97606063006196,1961.6187924323604,1032.1304208420622,6.132698743234943,0.4726163754989838,0.42184089960364424,0.0,0.0,0.531440866913894,0.0,60.38120756763965,6.132698743234943,0.0,873.8,765.8,75.74,2,1421.0,0.0,12.265397486469887,0.0
18,2021,208.0,Willowdale,19.75882362539992,3.193125226900896,1960.4788516251642,1054.2434135288302,1.9030665605984192,0.5959887024053391,0.3467135321791051,0.0,0.0,0.16160502707236787,0.0,61.521148374835775,1.9030665605984192,0.0,873.8,765.8,75.74,2,1421.0,0.0,3.8061331211968383,0.0
19,2021,538.0,Beaches-East York,16.801757122746206,12.414174737657323,1955.0982134947078,1461.3331846947906,12.038084118354147,0.9697047425824983,0.06772092897197021,29.702015952108624,3.101404775244502,0.738861694462362,1.767792245484733,66.9017865052922,12.038084118354147,1.7142365243471096,873.8,765.8,75.74,2,1421.0,3.535584490969466,24.076168236708295,6.202809550489004
20,2021,472.0,Scarborough Southwest,28.187889894639056,11.769449017298337,1963.224156456754,1005.5208687840502,3.771409344470814,0.3204406033729977,0.13955049024410776,29.832969216314297,13.809039659137724,0.4175356531223262,1.0583612085836944,58.77584354324608,3.771409344470814,0.3391419042651341,873.8,765.8,75.74,2,1421.0,2.116722417167389,7.542818688941628,27.61807931827545
21,2021,342.0,Scarborough Centre,28.201836526408336,13.669029535083613,1960.4264511138674,858.1402389160564,9.225720065623907,0.6749359961469623,0.22327893176298094,8.217578284761395,1.4819534377500225,0.4846857942135743,0.2913845088445362,61.573548886132585,9.225720065623907,0.1966658937387804,873.8,765.8,75.74,2,1421.0,0.5827690176890724,18.451440131247814,2.963906875500045
22,2021,99.0,Scarborough-Agincourt,21.39597748752067,4.292168652866637,1963.9315772267446,1033.6411457718898,1.184813061724434,0.27604065859181126,0.005957693407050983,0.0,0.0,0.20060633618492402,0.0,58.068422773255406,1.184813061724434,0.0,873.8,765.8,75.74,2,1421.0,0.0,2.369626123448868,0.0
23,2021,84.0,Scarborough North,30.43394865212225,7.0606207598562944,1968.5619806513523,932.1850713358026,0.12161325971317269,0.01722415972326602,0.04759136384584725,0.0,0.0,0.23199818204871475,0.0,53.438019348647686,0.12161325971317269,0.0,873.8,765.8,75.74,2,1421.0,0.0,0.24322651942634538,0.0
24,2021,272.0,Scarborough-Guildwood,26.114731294747127,12.94895072769501,1960.0593299304937,1138.7376217997569,6.811194851142951,0.5260036117501996,0.0,0.0,0.0,0.49584851483038767,0.0,61.94067006950627,6.811194851142951,0.0,873.8,765.8,75.74,2,1421.0,0.0,13.622389702285902,0.0
25,2021,162.0,Scarborough-Rouge Park,54.085105633175615,18.21373636862709,1971.544983776764,1334.813929163113,3.3700116411419794,0.1850258273720695,0.063542526376574,0.0,0.0,0.3367606692341347,0.0,50.45501622323604,3.3700116411419794,0.0,873.8,765.8,75.74,2,1421.0,0.0,6.740023282283959,0.0
1,2022,224.0,Etobicoke North,48.352264069050925,20.405628211024492,1961.3790425660125,1164.4798715377021,6.567430580128026,0.3218440771443566,0.0731295405732733,0.0,0.0,0.42202011847642984,0.0,60.62095743398754,6.567430580128026,0.0,867.7,699.7,118.02,4,1197.0,0.0,26.269722320512106,0.0
2,2022,255.0,Etobicoke Centre,37.33975371405406,16.937263171496145,1959.7088571496665,1015.0818552976485,9.093376679460915,0.5368858349419893,0.40696475310855784,0.0,0.0,0.4535986846940889,0.0,62.29114285033347,9.093376679460915,0.0,867.7,699.7,118.02,4,1197.0,0.0,36.37350671784366,0.0
3,2022,610.0,Etobicoke-Lakeshore,40.01243087301818,33.780595124299666,1959.0919417937848,1153.171061684548,18.07278302555975,0.5350048736281532,0.427534706278702,0.0,0.0,0.8442525082143693,0.0,62.90805820621517,18.07278302555975,0.0,867.7,699.7,118.02,4,1197.0,0.0,72.291132102239,0.0
4,2022,353.0,Parkdale-High Park,15.324932601393188,3.438984851369927,1936.8595411140805,1369.1669076787987,2.0810067123721794,0.6051223841661314,0.006721574685622888,12.647507939584449,0.31213822379371625,0.2244045661288774,0.8252896289041209,85.14045888591954,2.0810067123721794,0.4994012278700435,867.7,699.7,118.02,4,1197.0,3.3011585156164838,8.324026849488718,1.248552895174865
5,2022,490.0,York South-Weston,24.97356667631694,26.766267692661632,1950.6137670197415,1467.640926805777,20.524105733566138,0.7667899749501917,0.08629647890927655,23.993165641934795,7.013153628509131,1.0717839401788274,0.9607424503240106,71.38623298025846,20.524105733566138,0.736687679417534,867.7,699.7,118.02,4,1197.0,3.8429698012960425,82.09642293426455,28.052614514036524
6,2022,303.0,York Centre,35.35267319601433,20.39218380119885,1966.3502179447437,1235.4359430961936,9.053615094968425,0.4439747691189487,0.28088650304913293,33.8970993777612,8.83928775031618,0.5768215514604387,0.9588270507810642,55.64978205525631,9.053615094968425,0.4256950184955255,867.7,699.7,118.02,4,1197.0,3.835308203124257,36.2144603798737,35.35715100126472
7,2022,220.0,Humber River-Black Creek,30.69420658597782,8.519778123046532,1959.5866677738884,1003.7238508209028,4.853968680842798,0.5697294707373317,0.2658610382415345,0.0,0.0,0.27756958301501305,0.0,62.413332226111606,4.853968680842798,0.0,867.7,699.7,118.02,4,1197.0,0.0,19.415874723371193,0.0
8,2022,334.0,Eglinton-Lawrence,22.657719856983817,20.56681964535326,1951.620484291812,1656.0547848675828,13.626838088875415,0.6625641846358185,0.04981866167784881,49.563341067097156,19.654190136239787,0.9077179775887256,2.1874814138378618,70.37951570818791,13.626838088875415,1.4493468393654902,867.7,699.7,118.02,4,1197.0,8.749925655351447,54.50735235550166,78.61676054495915
9,2022,361.0,Davenport,12.092764199613006,2.4774486910009004,1958.634013264649,1852.9897186513444,0.7965447311883609,0.32151815457641353,0.0,22.779630881086767,4.07888543520061,0.20487033817133257,1.8837405993425196,63.36598673535104,0.7965447311883609,0.6056568012012741,867.7,699.7,118.02,4,1197.0,7.534962397370078,3.1861789247534436,16.31554174080244
10,2022,96.0,Spadina-Fort York,18.698987381759622,14.666584750220604,1947.2361628604338,2195.4671008948226,6.837700880062713,0.4662094820649958,0.014643720295538018,15.161141481866219,6.504644955947919,0.784351818137889,0.8108001343781599,74.76383713956625,6.837700880062713,0.3780027107066709,867.7,699.7,118.02,4,1197.0,3.2432005375126396,27.350803520250853,26.018579823791676
11,2022,232.0,University-Rosedale,13.594704244626001,5.634714738256236,1966.3407826269856,3646.281200108154,0.022988246617577247,0.004079753401090784,0.05122563201500643,20.752800773694148,2.480038275193153,0.4144786555752873,1.5265356568457713,55.65921737301437,0.022988246617577247,0.0062278890379028895,867.7,699.7,118.02,4,1197.0,6.106142627383085,0.09195298647030899,9.920153100772612
12,2022,217.0,Toronto-St. Paul's,13.119079184322695,7.99810887469478,1949.5318307951115,2727.6797383868216,4.0724362100101255,0.5091748904412777,0.011236179073602299,19.110091759399243,6.210414702472509,0.6096547449955576,1.45666410659643,72.46816920488845,4.0724362100101255,0.741696786885979,867.7,699.7,118.02,4,1197.0,5.82665642638572,16.289744840040502,24.841658809890035
13,2022,84.0,Toronto Centre,5.861978760190288,13.451075980318636,1943.92133419495,2557.076052524731,5.597445399401714,0.41613365411003495,0.01613878249527002,18.62655068739639,7.897617470483735,2.294630623991206,3.177519306943334,78.07866580504992,5.597445399401714,1.3222727202035154,867.7,699.7,118.02,4,1197.0,12.710077227773336,22.389781597606856,31.59046988193494
14,2022,616.0,Toronto-Danforth,21.798055615035086,23.589900903412374,1947.1588684438966,2868.454104266577,11.17001854690989,0.4735084980918297,0.006614523328547946,24.091682221342307,6.592037691748661,1.0822020697635697,1.1052216145703015,74.84113155610339,11.17001854690989,0.5233318267738106,867.7,699.7,118.02,4,1197.0,4.420886458281206,44.68007418763956,26.368150766994646
15,2022,266.0,Don Valley West,30.29144696302436,29.26589381381763,1946.766889130305,1968.9721483159524,24.795875894849836,0.8472618691434834,0.23243206828997962,28.387162823286722,9.836011594357993,0.9661438045380076,0.9371345930730174,75.23311086969511,24.795875894849836,0.7939984069660625,867.7,699.7,118.02,4,1197.0,3.7485383722920695,99.18350357939934,39.34404637743197
16,2022,154.0,Don Valley East,22.961197918113417,13.878017333710863,1958.3321017754122,1235.0184943198562,11.944627209662139,0.860686863436007,0.1738105748566399,24.213762537486556,7.582434340982408,0.6044117290049097,1.0545513619907882,63.667898224587816,11.944627209662139,0.9076385040840207,867.7,699.7,118.02,4,1197.0,4.218205447963153,47.778508838648555,30.32973736392963
17,2022,156.0,Don Valley North,24.416753467633473,12.97606063006196,1961.6187924323604,1032.1304208420622,6.132698743234943,0.4726163754989838,0.42184089960364424,0.0,0.0,0.531440866913894,0.0,60.38120756763965,6.132698743234943,0.0,867.7,699.7,118.02,4,1197.0,0.0,24.530794972939773,0.0
18,2022,255.0,Willowdale,19.75882362539992,3.193125226900896,1960.4788516251642,1054.2434135288302,1.9030665605984192,0.5959887024053391,0.3467135321791051,0.0,0.0,0.16160502707236787,0.0,61.521148374835775,1.9030665605984192,0.0,867.7,699.7,118.02,4,1197.0,0.0,7.612266242393677,0.0
19,2022,597.0,Beaches-East York,16.801757122746206,12.414174737657323,1955.0982134947078,1461.3331846947906,12.038084118354147,0.9697047425824983,0.06772092897197021,29.702015952108624,3.101404775244502,0.738861694462362,1.767792245484733,66.9017865052922,12.038084118354147,1.7142365243471096,867.7,699.7,118.02,4,1197.0,7.071168981938932,48.15233647341659,12.405619100978008
20,2022,449.0,Scarborough Southwest,28.187889894639056,11.769449017298337,1963.224156456754,1005.5208687840502,3.771409344470814,0.3204406033729977,0.13955049024410776,29.832969216314297,13.809039659137724,0.4175356531223262,1.0583612085836944,58.77584354324608,3.771409344470814,0.3391419042651341,867.7,699.7,118.02,4,1197.0,4.233444834334778,15.085637377883256,55.2361586365509
21,2022,347.0,Scarborough Centre,28.201836526408336,13.669029535083613,1960.4264511138674,858.1402389160564,9.225720065623907,0.6749359961469623,0.22327893176298094,8.217578284761395,1.4819534377500225,0.4846857942135743,0.2913845088445362,61.573548886132585,9.225720065623907,0.1966658937387804,867.7,699.7,118.02,4,1197.0,1.1655380353781448,36.90288026249563,5.92781375100009
22,2022,99.0,Scarborough-Agincourt,21.39597748752067,4.292168652866637,1963.9315772267446,1033.6411457718898,1.184813061724434,0.27604065859181126,0.005957693407050983,0.0,0.0,0.20060633618492402,0.0,58.068422773255406,1.184813061724434,0.0,867.7,699.7,118.02,4,1197.0,0.0,4.739252246897736,0.0
23,2022,104.0,Scarborough North,30.43394865212225,7.0606207598562944,1968.5619806513523,932.1850713358026,0.12161325971317269,0.01722415972326602,0.04759136384584725,0.0,0.0,0.23199818204871475,0.0,53.438019348647686,0.12161325971317269,0.0,867.7,699.7,118.02,4,1197.0,0.0,0.48645303885269076,0.0
24,2022,232.0,Scarborough-Guildwood,26.114731294747127,12.94895072769501,1960.0593299304937,1138.7376217997569,6.811194851142951,0.5260036117501996,0.0,0.0,0.0,0.49584851483038767,0.0,61.94067006950627,6.811194851142951,0.0,867.7,699.7,118.02,4,1197.0,0.0,27.244779404571805,0.0
25,2022,169.0,Scarborough-Rouge Park,54.085105633175615,18.21373636862709,1971.544983776764,1334.813929163113,3.3700116411419794,0.1850258273720695,0.063542526376574,0.0,0.0,0.3367606692341347,0.0,50.45501622323604,3.3700116411419794,0.0,867.7,699.7,118.02,4,1197.0,0.0,13.480046564567917,0.0
